Id,weekly_self_study_hours,math_score,history_score,physics_score,chemistry_score,biology_score,english_score,geography_score,Grade,Gender,Email
1,27,73,81,93,97,63,80,87,Good,Male,student1@gmail.com
2,47,90,86,96,100,90,88,90,Excellent,Male,student2@gmail.com
3,13,81,97,95,96,65,77,94,Good,Female,student3@gmail.com
4,3,71,74,88,80,89,63,86,Good,Female,student4@gmail.com
5,10,84,77,65,65,80,74,76,Good,Female,student5@gmail.com
6,26,93,100,67,78,72,80,84,Good,Male,student6@gmail.com
7,23,99,96,97,73,88,76,64,Good,Female,student7@gmail.com
8,34,95,95,82,63,84,70,85,Good,Female,student8@gmail.com
9,25,94,68,94,85,81,74,72,Good,Female,student9@gmail.com
10,18,98,69,88,71,67,71,73,Good,Female,student10@gmail.com
11,7,65,60,97,94,71,81,66,Good,Female,student11@gmail.com
12,7,80,61,100,65,87,64,61,Good,Female,student12@gmail.com
13,4,94,59,69,67,89,65,73,Good,Female,student13@gmail.com
14,2,66,94,86,100,57,90,63,Good,Female,student14@gmail.com
15,39,96,90,86,92,92,95,87,Excellent,Male,student15@gmail.com
16,0,94,50,78,64,79,74,84,Good,Male,student16@gmail.com
17,30,92,64,93,91,80,89,72,Good,Male,student17@gmail.com
18,28,86,83,85,79,93,76,77,Good,Female,student18@gmail.com
19,37,92,87,92,99,97,87,86,Excellent,Male,student19@gmail.com
20,27,99,65,98,75,66,72,100,Good,Male,student20@gmail.com
21,15,100,90,72,98,73,97,72,Good,Female,student21@gmail.com
22,4,57,55,78,94,83,88,88,Good,Female,student22@gmail.com
23,2,89,72,68,72,71,54,90,Good,Female,student23@gmail.com
24,1,50,76,81,55,56,80,79,Average,Male,student24@gmail.com
25,35,87,91,90,88,95,88,93,Excellent,Male,student25@gmail.com
26,22,92,86,87,81,93,90,99,Good,Male,student26@gmail.com
27,34,100,77,80,94,63,90,90,Good,Female,student27@gmail.com
28,23,64,75,93,79,81,96,85,Good,Male,student28@gmail.com
29,17,79,65,99,71,76,77,83,Good,Male,student29@gmail.com
30,19,82,100,61,97,30,74,73,Good,Female,student30@gmail.com
31,14,88,69,87,100,88,85,72,Good,Female,student31@gmail.com
32,30,70,68,92,74,82,85,72,Good,Female,student32@gmail.com
33,30,77,96,98,89,85,62,62,Good,Female,student33@gmail.com
34,24,99,84,84,78,78,77,68,Good,Female,student34@gmail.com
35,31,90,93,91,80,86,69,62,Good,Female,student35@gmail.com
36,21,65,70,78,98,80,66,65,Good,Male,student36@gmail.com
37,19,99,94,87,71,89,91,96,Good,Male,student37@gmail.com
38,29,92,100,85,89,81,91,88,Excellent,Female,student38@gmail.com
39,21,77,64,64,88,94,82,78,Good,Male,student39@gmail.com
40,18,92,60,66,87,60,83,95,Good,Male,student40@gmail.com
41,31,85,97,64,90,79,81,81,Good,Male,student41@gmail.com
42,4,65,55,66,50,88,56,86,Average,Male,student42@gmail.com
43,3,93,94,92,77,87,98,63,Good,Male,student43@gmail.com
44,3,97,99,85,96,91,68,66,Good,Female,student44@gmail.com
45,3,54,99,79,57,53,95,83,Good,Male,student45@gmail.com
46,5,88,53,50,58,84,53,96,Average,Female,student46@gmail.com
47,27,71,85,93,68,100,91,87,Good,Female,student47@gmail.com
48,28,81,98,74,70,97,65,65,Good,Female,student48@gmail.com
49,32,80,78,86,80,64,68,100,Good,Female,student49@gmail.com
50,14,100,89,90,93,30,83,74,Good,Female,student50@gmail.com
51,16,76,72,96,65,89,87,94,Good,Female,student51@gmail.com
52,24,99,81,73,70,85,86,61,Good,Male,student52@gmail.com
53,0,64,70,61,81,82,51,70,Average,Male,student53@gmail.com
54,32,90,96,86,61,89,98,68,Good,Female,student54@gmail.com
55,3,85,100,92,68,60,77,83,Good,Male,student55@gmail.com
56,31,91,60,84,88,76,71,99,Good,Male,student56@gmail.com
57,21,95,72,79,86,87,81,62,Good,Male,student57@gmail.com
58,18,94,78,73,97,67,78,99,Good,Female,student58@gmail.com
59,26,94,89,64,96,91,95,77,Good,Male,student59@gmail.com
60,23,89,99,90,79,85,96,98,Excellent,Female,student60@gmail.com
61,1,91,81,88,71,78,83,76,Good,Female,student61@gmail.com
62,33,83,86,61,99,99,88,73,Good,Male,student62@gmail.com
63,2,98,65,53,64,52,96,62,Good,Female,student63@gmail.com
64,34,83,97,65,88,67,95,69,Good,Male,student64@gmail.com
65,18,91,73,99,70,63,80,78,Good,Male,student65@gmail.com
66,2,90,54,77,74,76,96,88,Good,Female,student66@gmail.com
67,27,92,86,66,69,100,71,80,Good,Female,student67@gmail.com
68,8,64,64,73,76,72,97,91,Good,Male,student68@gmail.com
69,14,90,70,85,60,81,71,88,Good,Male,student69@gmail.com
70,22,99,81,96,69,91,87,83,Good,Male,student70@gmail.com
71,15,89,66,93,81,86,88,70,Good,Male,student71@gmail.com
72,22,62,87,93,83,93,97,73,Good,Female,student72@gmail.com
73,1,61,70,69,64,59,78,80,Average,Female,student73@gmail.com
74,3,51,54,66,87,99,58,68,Average,Male,student74@gmail.com
75,20,85,100,64,68,73,81,87,Good,Female,student75@gmail.com
76,27,99,90,96,92,100,98,77,Excellent,Male,student76@gmail.com
77,24,87,63,60,90,89,99,80,Good,Female,student77@gmail.com
78,5,75,91,80,93,74,93,65,Good,Female,student78@gmail.com
79,34,88,94,80,63,68,77,64,Good,Male,student79@gmail.com
80,16,87,79,89,68,93,75,92,Good,Female,student80@gmail.com
81,3,87,67,94,92,62,58,65,Good,Female,student81@gmail.com
82,15,76,67,83,85,91,61,67,Good,Female,student82@gmail.com
83,11,60,80,61,63,95,92,75,Good,Male,student83@gmail.com
84,32,85,65,99,100,88,93,72,Excellent,Female,student84@gmail.com
85,28,73,67,70,71,65,73,87,Good,Female,student85@gmail.com
86,24,85,71,69,80,70,77,66,Good,Female,student86@gmail.com
87,9,91,76,71,72,92,67,90,Good,Male,student87@gmail.com
88,14,99,95,83,89,81,63,70,Good,Female,student88@gmail.com
89,16,93,96,68,87,69,89,100,Good,Male,student89@gmail.com
90,29,89,75,60,80,62,85,73,Good,Male,student90@gmail.com
91,14,95,78,95,73,32,65,68,Good,Female,student91@gmail.com
92,10,68,82,95,63,62,98,93,Good,Male,student92@gmail.com
93,31,98,73,73,77,87,98,83,Good,Female,student93@gmail.com
94,34,79,92,79,76,84,67,86,Good,Female,student94@gmail.com
95,3,78,79,73,96,64,93,85,Good,Female,student95@gmail.com
96,34,100,98,89,85,81,64,94,Good,Female,student96@gmail.com
97,2,86,76,84,93,76,69,91,Good,Male,student97@gmail.com
98,4,87,89,93,98,79,72,88,Good,Female,student98@gmail.com
99,28,100,93,85,61,96,83,86,Good,Male,student99@gmail.com
100,5,85,89,94,69,99,93,98,Good,Male,student100@gmail.com
101,4,87,73,98,91,79,60,77,Good,Female,student101@gmail.com
102,25,96,80,100,61,81,98,65,Good,Female,student102@gmail.com
103,29,76,87,64,74,73,90,99,Good,Female,student103@gmail.com
104,1,90,80,63,94,64,70,79,Good,Male,student104@gmail.com
105,2,65,60,100,91,87,78,99,Good,Male,student105@gmail.com
106,0,98,97,62,89,62,95,77,Good,Male,student106@gmail.com
107,16,91,80,97,89,94,95,84,Excellent,Female,student107@gmail.com
108,31,86,81,83,81,81,77,86,Good,Female,student108@gmail.com
109,4,91,93,72,61,61,87,95,Good,Male,student109@gmail.com
110,13,78,69,82,60,64,77,82,Good,Female,student110@gmail.com
111,24,76,89,89,83,89,90,64,Good,Male,student111@gmail.com
112,2,82,54,85,57,50,54,76,Average,Female,student112@gmail.com
113,4,45,85,94,76,57,93,86,Good,Female,student113@gmail.com
114,22,92,75,65,97,61,76,81,Good,Female,student114@gmail.com
115,0,43,65,91,75,64,94,100,Good,Female,student115@gmail.com
116,24,96,66,69,65,72,84,77,Good,Male,student116@gmail.com
117,1,78,71,50,55,54,97,95,Average,Female,student117@gmail.com
118,19,68,96,64,70,74,63,75,Good,Female,student118@gmail.com
119,19,93,73,94,65,60,63,93,Good,Female,student119@gmail.com
120,5,55,93,67,74,55,60,64,Average,Female,student120@gmail.com
121,13,66,90,83,80,76,90,91,Good,Female,student121@gmail.com
122,26,98,92,91,99,97,88,75,Excellent,Female,student122@gmail.com
123,41,94,94,94,89,85,86,85,Excellent,Male,student123@gmail.com
124,47,96,100,96,91,91,96,89,Excellent,Female,student124@gmail.com
125,9,69,62,82,89,81,72,71,Good,Male,student125@gmail.com
126,7,77,95,98,69,60,89,71,Good,Female,student126@gmail.com
127,3,89,67,86,87,87,68,78,Good,Female,student127@gmail.com
128,14,96,67,80,83,86,77,75,Good,Female,student128@gmail.com
129,26,82,70,80,70,96,69,86,Good,Female,student129@gmail.com
130,27,99,97,64,90,87,68,69,Good,Male,student130@gmail.com
131,25,96,73,90,85,63,84,87,Good,Female,student131@gmail.com
132,16,95,82,66,63,67,92,69,Good,Female,student132@gmail.com
133,27,90,63,69,80,99,69,79,Good,Male,student133@gmail.com
134,0,88,52,53,56,85,93,78,Good,Female,student134@gmail.com
135,3,87,62,87,96,85,90,74,Good,Male,student135@gmail.com
136,6,62,83,84,75,83,85,86,Good,Female,student136@gmail.com
137,12,85,65,60,78,81,96,76,Good,Male,student137@gmail.com
138,11,79,97,76,67,61,90,95,Good,Male,student138@gmail.com
139,23,90,94,98,96,68,82,81,Good,Male,student139@gmail.com
140,23,97,71,82,80,97,93,78,Good,Female,student140@gmail.com
141,16,88,69,87,81,77,67,93,Good,Female,student141@gmail.com
142,3,71,85,77,89,98,63,100,Good,Male,student142@gmail.com
143,29,70,99,79,96,60,97,100,Good,Male,student143@gmail.com
144,18,93,68,76,99,80,80,75,Good,Female,student144@gmail.com
145,3,92,79,81,61,86,72,88,Good,Male,student145@gmail.com
146,6,83,72,68,94,100,98,92,Good,Male,student146@gmail.com
147,2,68,97,51,93,68,58,78,Good,Female,student147@gmail.com
148,34,92,90,65,79,96,87,74,Good,Female,student148@gmail.com
149,22,69,91,82,99,94,75,74,Good,Male,student149@gmail.com
150,4,76,72,72,65,82,71,93,Good,Male,student150@gmail.com
151,3,86,92,79,73,73,61,60,Good,Female,student151@gmail.com
152,2,41,57,97,56,50,98,83,Average,Female,student152@gmail.com
153,18,91,100,84,72,84,90,82,Good,Male,student153@gmail.com
154,8,78,67,82,70,65,68,81,Good,Female,student154@gmail.com
155,33,89,73,85,84,73,81,98,Good,Male,student155@gmail.com
156,13,96,71,88,74,80,92,65,Good,Male,student156@gmail.com
157,17,66,99,85,90,76,64,95,Good,Female,student157@gmail.com
158,1,97,54,62,66,58,69,96,Average,Female,student158@gmail.com
159,3,49,64,97,61,62,72,65,Average,Male,student159@gmail.com
160,33,88,66,96,82,65,76,79,Good,Male,student160@gmail.com
161,12,92,64,77,61,76,72,87,Good,Female,student161@gmail.com
162,24,96,66,92,88,65,76,72,Good,Female,student162@gmail.com
163,33,86,88,99,79,93,97,91,Excellent,Female,student163@gmail.com
164,44,86,100,100,96,95,97,93,Excellent,Male,student164@gmail.com
165,15,88,72,96,60,90,80,88,Good,Male,student165@gmail.com
166,5,92,81,99,98,77,80,73,Good,Male,student166@gmail.com
167,5,87,76,71,65,64,81,61,Good,Male,student167@gmail.com
168,22,89,94,67,68,69,92,76,Good,Female,student168@gmail.com
169,9,97,96,66,96,71,97,66,Good,Female,student169@gmail.com
170,34,100,62,67,97,73,84,99,Good,Male,student170@gmail.com
171,34,91,98,76,99,65,98,71,Excellent,Female,student171@gmail.com
172,25,81,87,65,85,74,64,81,Good,Male,student172@gmail.com
173,31,82,66,89,76,68,83,79,Good,Male,student173@gmail.com
174,33,100,96,75,68,77,97,81,Good,Male,student174@gmail.com
175,3,65,100,80,83,57,81,81,Good,Male,student175@gmail.com
176,20,68,100,89,75,84,78,90,Good,Male,student176@gmail.com
177,15,97,92,95,75,95,90,83,Good,Female,student177@gmail.com
178,26,76,94,77,88,85,91,61,Good,Male,student178@gmail.com
179,35,91,99,94,94,95,98,89,Excellent,Male,student179@gmail.com
180,12,85,73,89,73,97,66,79,Good,Male,student180@gmail.com
181,5,68,69,86,87,72,80,93,Good,Female,student181@gmail.com
182,31,73,99,75,70,100,86,62,Good,Male,student182@gmail.com
183,28,65,90,75,96,91,93,85,Good,Male,student183@gmail.com
184,5,46,79,75,86,91,88,77,Good,Male,student184@gmail.com
185,33,92,84,85,77,81,69,95,Good,Male,student185@gmail.com
186,2,69,78,69,70,100,88,85,Good,Male,student186@gmail.com
187,9,78,99,64,99,65,84,80,Good,Female,student187@gmail.com
188,0,92,62,86,97,54,76,76,Good,Female,student188@gmail.com
189,26,70,77,91,96,100,89,67,Good,Male,student189@gmail.com
190,30,95,79,98,95,89,99,87,Excellent,Male,student190@gmail.com
191,1,99,82,93,83,92,90,60,Good,Male,student191@gmail.com
192,26,96,66,79,80,88,61,85,Good,Female,student192@gmail.com
193,2,85,90,85,74,96,71,80,Good,Female,student193@gmail.com
194,9,91,94,82,100,68,66,69,Good,Male,student194@gmail.com
195,30,85,64,93,80,82,70,94,Good,Female,student195@gmail.com
196,24,94,73,61,68,65,85,67,Good,Female,student196@gmail.com
197,21,95,69,62,87,84,83,64,Good,Male,student197@gmail.com
198,14,69,90,83,70,83,91,67,Good,Male,student198@gmail.com
199,24,95,72,94,96,91,61,94,Good,Female,student199@gmail.com
200,34,94,88,65,88,60,81,78,Good,Female,student200@gmail.com
201,34,82,81,100,81,60,79,96,Good,Male,student201@gmail.com
202,27,99,73,91,91,93,80,100,Good,Female,student202@gmail.com
203,16,85,62,84,80,37,80,71,Good,Male,student203@gmail.com
204,21,100,87,60,92,46,67,96,Good,Female,student204@gmail.com
205,1,98,95,90,81,82,86,98,Good,Male,student205@gmail.com
206,17,97,78,81,67,90,95,79,Good,Male,student206@gmail.com
207,0,99,86,68,94,97,77,92,Good,Male,student207@gmail.com
208,12,99,73,77,74,62,68,99,Good,Female,student208@gmail.com
209,22,75,83,70,71,86,95,76,Good,Male,student209@gmail.com
210,14,63,80,99,78,60,84,86,Good,Female,student210@gmail.com
211,41,96,88,90,100,94,87,96,Excellent,Female,student211@gmail.com
212,32,91,73,86,73,84,60,71,Good,Female,student212@gmail.com
213,4,52,58,60,97,93,89,68,Good,Male,student213@gmail.com
214,22,99,71,80,82,95,64,64,Good,Male,student214@gmail.com
215,17,84,62,92,74,73,98,91,Good,Male,student215@gmail.com
216,2,100,90,82,79,94,83,78,Good,Female,student216@gmail.com
217,33,82,71,93,90,90,76,97,Good,Male,student217@gmail.com
218,29,75,88,65,80,76,94,97,Good,Female,student218@gmail.com
219,27,66,71,94,72,96,70,63,Good,Male,student219@gmail.com
220,34,99,88,72,76,68,92,72,Good,Female,student220@gmail.com
221,2,99,76,94,88,75,66,84,Good,Female,student221@gmail.com
222,22,95,87,79,95,84,90,74,Good,Male,student222@gmail.com
223,33,99,61,75,68,66,90,99,Good,Male,student223@gmail.com
224,17,65,72,96,69,78,93,72,Good,Female,student224@gmail.com
225,4,85,55,74,71,66,50,99,Average,Male,student225@gmail.com
226,3,69,78,57,72,71,96,87,Good,Male,student226@gmail.com
227,3,75,76,88,65,97,83,85,Good,Male,student227@gmail.com
228,17,91,78,72,69,77,91,96,Good,Female,student228@gmail.com
229,6,92,95,61,98,89,85,80,Good,Male,student229@gmail.com
230,9,62,64,65,86,67,94,68,Good,Female,student230@gmail.com
231,35,87,91,98,94,100,87,89,Excellent,Male,student231@gmail.com
232,17,97,88,87,61,86,92,94,Good,Female,student232@gmail.com
233,7,97,92,79,88,92,99,85,Good,Female,student233@gmail.com
234,16,98,88,92,84,90,90,71,Good,Female,student234@gmail.com
235,20,96,67,88,95,82,75,84,Good,Male,student235@gmail.com
236,0,98,89,81,56,72,74,94,Good,Male,student236@gmail.com
237,27,87,82,95,81,85,84,73,Good,Male,student237@gmail.com
238,24,96,80,86,94,63,72,75,Good,Female,student238@gmail.com
239,30,82,74,77,95,81,76,91,Good,Male,student239@gmail.com
240,20,100,72,99,64,70,93,67,Good,Female,student240@gmail.com
241,27,91,81,91,76,100,92,87,Good,Female,student241@gmail.com
242,2,87,62,85,64,63,61,85,Good,Female,student242@gmail.com
243,16,75,95,84,87,78,82,86,Good,Female,student243@gmail.com
244,27,86,78,61,71,94,92,65,Good,Male,student244@gmail.com
245,24,94,62,97,96,74,68,69,Good,Male,student245@gmail.com
246,23,99,64,92,78,30,78,88,Good,Male,student246@gmail.com
247,15,84,91,94,66,78,71,93,Good,Male,student247@gmail.com
248,25,92,81,68,96,99,92,79,Good,Female,student248@gmail.com
249,32,95,84,95,72,62,80,83,Good,Female,student249@gmail.com
250,35,90,88,94,99,92,87,97,Excellent,Male,student250@gmail.com
251,3,93,100,87,66,85,96,87,Good,Male,student251@gmail.com
252,28,69,63,88,73,83,74,94,Good,Male,student252@gmail.com
253,3,97,80,80,65,91,67,84,Good,Female,student253@gmail.com
254,21,76,72,80,92,41,90,78,Good,Female,student254@gmail.com
255,35,85,85,92,86,99,86,93,Excellent,Female,student255@gmail.com
256,35,91,87,89,97,93,87,100,Excellent,Female,student256@gmail.com
257,14,82,95,92,62,73,75,93,Good,Female,student257@gmail.com
258,1,59,56,87,97,62,74,61,Good,Male,student258@gmail.com
259,0,78,71,73,51,80,84,65,Good,Female,student259@gmail.com
260,12,89,65,82,65,76,95,62,Good,Male,student260@gmail.com
261,35,86,91,92,96,90,96,90,Excellent,Male,student261@gmail.com
262,2,76,93,65,95,76,88,88,Good,Female,student262@gmail.com
263,16,79,68,63,72,81,67,67,Good,Female,student263@gmail.com
264,31,91,96,77,76,80,97,80,Good,Female,student264@gmail.com
265,4,89,66,80,77,60,88,74,Good,Male,student265@gmail.com
266,19,97,94,81,97,79,86,63,Good,Male,student266@gmail.com
267,15,100,86,74,96,80,99,76,Good,Male,student267@gmail.com
268,30,96,68,87,96,91,68,65,Good,Female,student268@gmail.com
269,17,94,64,100,71,84,92,99,Good,Male,student269@gmail.com
270,23,98,68,80,75,80,81,60,Good,Male,student270@gmail.com
271,3,53,71,98,95,94,71,77,Good,Male,student271@gmail.com
272,4,44,64,58,66,87,62,68,Average,Female,student272@gmail.com
273,25,85,70,73,95,100,70,94,Good,Female,student273@gmail.com
274,1,51,91,67,79,58,52,75,Average,Female,student274@gmail.com
275,24,90,89,82,74,67,92,82,Good,Male,student275@gmail.com
276,15,100,92,90,66,73,68,70,Good,Male,student276@gmail.com
277,1,95,73,61,91,84,92,94,Good,Male,student277@gmail.com
278,33,76,81,96,74,75,80,98,Good,Female,student278@gmail.com
279,11,71,98,96,60,90,79,72,Good,Female,student279@gmail.com
280,10,95,60,87,71,91,84,98,Good,Male,student280@gmail.com
281,15,92,88,76,93,69,75,97,Good,Female,student281@gmail.com
282,34,82,95,96,100,89,64,91,Excellent,Female,student282@gmail.com
283,30,85,94,83,76,77,81,92,Good,Male,student283@gmail.com
284,4,82,85,75,92,76,95,85,Good,Male,student284@gmail.com
285,28,98,77,94,63,69,88,100,Good,Female,student285@gmail.com
286,29,93,96,94,84,91,67,68,Good,Female,student286@gmail.com
287,30,84,97,60,100,83,88,94,Good,Female,student287@gmail.com
288,31,81,95,76,60,61,98,77,Good,Male,student288@gmail.com
289,1,62,64,84,67,78,51,62,Average,Female,student289@gmail.com
290,16,92,70,60,94,87,90,86,Good,Female,student290@gmail.com
291,18,64,93,61,61,74,94,64,Good,Female,student291@gmail.com
292,4,89,67,97,67,75,94,93,Good,Female,student292@gmail.com
293,32,99,88,84,87,36,96,86,Good,Female,student293@gmail.com
294,12,95,82,93,99,66,93,86,Good,Female,student294@gmail.com
295,5,72,92,67,100,70,94,81,Good,Female,student295@gmail.com
296,15,68,89,68,90,68,99,74,Good,Male,student296@gmail.com
297,31,92,69,78,68,70,80,73,Good,Male,student297@gmail.com
298,2,97,74,97,60,65,90,97,Good,Female,student298@gmail.com
299,2,81,92,94,77,84,63,64,Good,Female,student299@gmail.com
300,20,88,60,81,85,87,90,76,Good,Female,student300@gmail.com
301,11,76,82,70,72,78,60,81,Good,Female,student301@gmail.com
302,26,77,62,97,82,74,98,95,Good,Female,student302@gmail.com
303,22,89,81,99,71,67,74,89,Good,Male,student303@gmail.com
304,12,65,69,66,65,90,76,60,Good,Female,student304@gmail.com
305,4,82,55,76,63,70,61,60,Average,Male,student305@gmail.com
306,34,77,60,61,91,62,78,91,Good,Female,student306@gmail.com
307,9,66,70,88,70,62,70,75,Good,Male,student307@gmail.com
308,43,90,96,100,87,100,90,89,Excellent,Female,student308@gmail.com
309,1,73,87,90,96,61,61,76,Good,Female,student309@gmail.com
310,19,89,64,74,97,95,77,88,Good,Male,student310@gmail.com
311,2,72,55,54,62,75,79,96,Average,Female,student311@gmail.com
312,34,87,90,89,88,93,87,70,Excellent,Female,student312@gmail.com
313,31,75,98,96,85,81,69,90,Good,Female,student313@gmail.com
314,11,80,85,98,99,92,70,96,Good,Female,student314@gmail.com
315,35,85,87,87,90,91,91,99,Excellent,Male,student315@gmail.com
316,20,92,93,74,76,79,65,74,Good,Male,student316@gmail.com
317,22,63,60,92,88,90,68,100,Good,Male,student317@gmail.com
318,2,99,99,87,80,89,78,87,Good,Female,student318@gmail.com
319,1,87,88,51,96,77,71,61,Good,Male,student319@gmail.com
320,34,87,84,62,76,89,83,93,Good,Male,student320@gmail.com
321,17,90,75,71,64,97,89,88,Good,Male,student321@gmail.com
322,34,94,83,99,100,94,91,69,Excellent,Male,student322@gmail.com
323,25,86,76,81,83,81,70,65,Good,Male,student323@gmail.com
324,8,96,81,95,78,79,65,86,Good,Female,student324@gmail.com
325,4,75,69,85,73,79,93,74,Good,Male,student325@gmail.com
326,26,74,92,81,79,74,85,86,Good,Female,student326@gmail.com
327,13,96,91,96,69,70,99,70,Good,Male,student327@gmail.com
328,4,79,77,62,98,76,99,82,Good,Female,student328@gmail.com
329,27,70,88,60,68,66,82,60,Good,Male,student329@gmail.com
330,32,79,91,62,87,80,65,94,Good,Female,student330@gmail.com
331,25,91,65,86,66,88,85,60,Good,Female,student331@gmail.com
332,13,90,72,78,61,78,88,74,Good,Male,student332@gmail.com
333,31,87,100,86,60,80,78,96,Good,Male,student333@gmail.com
334,8,69,99,78,85,98,86,73,Good,Female,student334@gmail.com
335,0,66,99,50,62,97,60,84,Good,Female,student335@gmail.com
336,6,65,95,78,65,74,69,63,Good,Male,student336@gmail.com
337,7,83,81,88,82,97,83,74,Good,Male,student337@gmail.com
338,32,100,89,95,63,67,92,75,Good,Female,student338@gmail.com
339,30,85,70,78,66,69,62,100,Good,Male,student339@gmail.com
340,4,45,98,95,66,84,83,100,Good,Male,student340@gmail.com
341,15,73,75,94,82,71,90,75,Good,Male,student341@gmail.com
342,2,95,83,96,97,72,77,61,Good,Female,student342@gmail.com
343,32,96,95,61,72,71,83,96,Good,Female,student343@gmail.com
344,24,94,72,96,93,93,79,64,Good,Female,student344@gmail.com
345,18,92,69,69,60,90,88,95,Good,Female,student345@gmail.com
346,5,56,52,76,95,54,59,85,Average,Male,student346@gmail.com
347,24,85,74,65,76,100,95,68,Good,Male,student347@gmail.com
348,16,65,90,68,99,74,82,86,Good,Male,student348@gmail.com
349,15,64,81,95,87,86,91,80,Good,Male,student349@gmail.com
350,26,100,88,94,67,62,66,96,Good,Female,student350@gmail.com
351,15,76,64,64,60,75,92,61,Good,Male,student351@gmail.com
352,5,97,76,91,76,89,60,85,Good,Female,student352@gmail.com
353,14,95,98,98,83,77,93,83,Good,Male,student353@gmail.com
354,1,85,64,90,94,68,97,61,Good,Male,student354@gmail.com
355,10,86,91,96,60,91,73,88,Good,Male,student355@gmail.com
356,5,100,58,58,100,60,52,82,Good,Female,student356@gmail.com
357,26,65,77,66,100,88,77,62,Good,Male,student357@gmail.com
358,26,71,81,99,74,74,82,67,Good,Male,student358@gmail.com
359,14,80,94,97,83,84,77,79,Good,Male,student359@gmail.com
360,21,91,76,96,77,99,64,83,Good,Female,student360@gmail.com
361,32,91,87,88,82,95,70,87,Good,Female,student361@gmail.com
362,30,100,86,81,100,66,98,97,Excellent,Female,student362@gmail.com
363,13,92,79,71,65,99,91,98,Good,Female,student363@gmail.com
364,33,89,76,95,83,84,96,61,Good,Female,student364@gmail.com
365,15,93,92,92,76,49,93,75,Good,Female,student365@gmail.com
366,33,81,64,67,74,65,94,96,Good,Male,student366@gmail.com
367,11,70,73,70,67,96,86,89,Good,Female,student367@gmail.com
368,30,61,70,89,97,60,79,79,Good,Male,student368@gmail.com
369,2,62,53,78,77,59,95,80,Good,Male,student369@gmail.com
370,4,83,61,79,99,66,60,76,Good,Female,student370@gmail.com
371,32,85,96,87,63,69,69,81,Good,Male,student371@gmail.com
372,0,83,55,87,74,73,77,61,Good,Female,student372@gmail.com
373,4,73,95,54,94,99,58,94,Good,Male,student373@gmail.com
374,0,61,65,73,78,77,97,96,Good,Male,student374@gmail.com
375,21,77,72,81,63,69,73,80,Good,Female,student375@gmail.com
376,29,77,87,65,91,71,90,90,Good,Female,student376@gmail.com
377,32,99,94,94,62,68,79,68,Good,Male,student377@gmail.com
378,14,73,69,94,78,76,63,71,Good,Female,student378@gmail.com
379,25,95,89,96,89,60,99,93,Good,Female,student379@gmail.com
380,4,94,79,92,100,93,63,98,Good,Male,student380@gmail.com
381,32,75,83,85,65,76,94,60,Good,Male,student381@gmail.com
382,7,66,83,77,91,84,74,62,Good,Female,student382@gmail.com
383,22,91,79,89,74,79,74,61,Good,Female,student383@gmail.com
384,3,81,61,75,65,90,92,80,Good,Female,student384@gmail.com
385,1,71,69,69,67,70,78,66,Good,Male,student385@gmail.com
386,23,77,94,97,77,63,98,98,Good,Male,student386@gmail.com
387,42,91,87,93,85,98,85,95,Excellent,Male,student387@gmail.com
388,30,83,98,100,93,100,77,76,Excellent,Male,student388@gmail.com
389,1,75,51,70,84,66,64,88,Average,Male,student389@gmail.com
390,17,86,96,68,71,86,94,89,Good,Female,student390@gmail.com
391,48,86,88,89,89,98,89,96,Excellent,Female,student391@gmail.com
392,24,85,67,60,82,77,72,72,Good,Male,student392@gmail.com
393,31,62,81,80,88,78,94,85,Good,Male,student393@gmail.com
394,0,100,65,67,61,76,58,84,Good,Female,student394@gmail.com
395,2,79,86,97,60,66,74,96,Good,Male,student395@gmail.com
396,24,99,97,68,85,86,85,73,Good,Male,student396@gmail.com
397,2,46,65,97,100,56,73,95,Good,Male,student397@gmail.com
398,32,85,97,88,61,80,80,84,Good,Female,student398@gmail.com
399,4,85,68,89,64,79,66,66,Good,Male,student399@gmail.com
400,32,85,87,91,63,95,88,62,Good,Female,student400@gmail.com
401,16,99,86,90,100,96,77,60,Excellent,Female,student401@gmail.com
402,20,84,92,63,91,89,92,76,Good,Male,student402@gmail.com
403,28,85,72,87,72,68,85,78,Good,Female,student403@gmail.com
404,30,100,79,92,92,67,68,72,Good,Male,student404@gmail.com
405,17,86,61,68,91,60,86,62,Good,Female,student405@gmail.com
406,25,79,70,71,95,79,77,68,Good,Male,student406@gmail.com
407,18,76,82,76,71,70,89,76,Good,Male,student407@gmail.com
408,23,96,63,69,67,69,92,77,Good,Female,student408@gmail.com
409,23,100,77,75,74,80,94,74,Good,Male,student409@gmail.com
410,21,88,84,87,97,94,87,85,Good,Male,student410@gmail.com
411,27,96,76,98,89,93,85,75,Excellent,Female,student411@gmail.com
412,14,92,66,96,71,87,89,61,Good,Male,student412@gmail.com
413,37,87,93,99,100,97,92,90,Excellent,Male,student413@gmail.com
414,29,95,82,74,87,36,61,88,Good,Male,student414@gmail.com
415,4,44,76,56,71,66,54,91,Average,Male,student415@gmail.com
416,16,78,89,68,63,81,92,97,Good,Male,student416@gmail.com
417,30,95,78,93,85,48,68,75,Good,Female,student417@gmail.com
418,1,57,56,53,75,98,92,73,Good,Male,student418@gmail.com
419,24,86,99,95,94,92,90,77,Excellent,Female,student419@gmail.com
420,35,92,97,100,91,95,90,95,Excellent,Male,student420@gmail.com
421,14,69,69,84,100,69,77,87,Good,Male,student421@gmail.com
422,3,91,62,75,60,82,91,96,Good,Female,student422@gmail.com
423,15,79,79,97,78,31,99,84,Good,Female,student423@gmail.com
424,23,93,96,80,64,91,68,71,Good,Female,student424@gmail.com
425,19,90,79,90,73,76,68,95,Good,Female,student425@gmail.com
426,33,99,68,100,95,95,88,83,Excellent,Male,student426@gmail.com
427,14,90,69,81,92,65,89,69,Good,Female,student427@gmail.com
428,0,71,84,66,75,93,84,69,Good,Male,student428@gmail.com
429,34,98,93,67,74,81,87,76,Good,Female,student429@gmail.com
430,33,94,99,83,94,93,95,93,Excellent,Female,student430@gmail.com
431,7,92,89,79,76,86,61,81,Good,Male,student431@gmail.com
432,18,100,96,74,61,87,94,60,Good,Male,student432@gmail.com
433,4,48,55,86,51,54,94,61,Average,Female,student433@gmail.com
434,10,63,87,71,68,66,67,99,Good,Male,student434@gmail.com
435,22,89,83,89,91,94,93,69,Excellent,Female,student435@gmail.com
436,28,88,90,93,81,88,90,74,Good,Male,student436@gmail.com
437,2,98,87,67,97,62,60,79,Good,Male,student437@gmail.com
438,0,92,86,88,75,60,50,79,Good,Male,student438@gmail.com
439,24,80,60,100,99,98,75,94,Good,Male,student439@gmail.com
440,15,92,63,91,65,69,94,98,Good,Female,student440@gmail.com
441,1,82,95,68,64,97,99,60,Good,Male,student441@gmail.com
442,8,84,74,74,75,99,99,85,Good,Male,student442@gmail.com
443,9,61,70,65,67,93,81,63,Good,Female,student443@gmail.com
444,33,99,87,98,76,65,94,67,Good,Female,student444@gmail.com
445,32,83,69,90,78,39,95,82,Good,Male,student445@gmail.com
446,4,56,90,95,59,91,77,99,Good,Female,student446@gmail.com
447,2,65,64,52,56,63,82,83,Average,Female,student447@gmail.com
448,20,94,61,77,73,79,65,89,Good,Male,student448@gmail.com
449,21,90,96,73,89,93,87,96,Good,Male,student449@gmail.com
450,29,94,82,81,90,76,97,86,Good,Male,student450@gmail.com
451,13,89,87,63,83,64,85,72,Good,Female,student451@gmail.com
452,24,89,67,68,93,98,75,88,Good,Female,student452@gmail.com
453,30,88,98,87,85,96,77,96,Excellent,Female,student453@gmail.com
454,25,76,94,90,75,92,86,87,Good,Male,student454@gmail.com
455,1,88,78,84,96,92,99,97,Good,Male,student455@gmail.com
456,27,88,76,80,72,100,69,71,Good,Male,student456@gmail.com
457,4,54,88,82,89,72,60,69,Good,Male,student457@gmail.com
458,32,87,87,76,67,68,89,77,Good,Female,student458@gmail.com
459,1,95,73,79,81,82,69,100,Good,Female,student459@gmail.com
460,32,72,72,68,81,95,90,99,Good,Female,student460@gmail.com
461,4,95,76,70,89,88,87,62,Good,Male,student461@gmail.com
462,28,91,97,86,77,83,79,62,Good,Male,student462@gmail.com
463,32,79,81,63,79,96,96,89,Good,Male,student463@gmail.com
464,33,80,71,94,92,92,60,78,Good,Female,student464@gmail.com
465,4,86,90,88,73,50,93,71,Good,Male,student465@gmail.com
466,31,88,88,90,67,77,83,64,Good,Female,student466@gmail.com
467,17,83,95,86,80,64,66,97,Good,Female,student467@gmail.com
468,23,84,84,80,97,87,97,91,Good,Female,student468@gmail.com
469,29,85,82,81,85,72,90,71,Good,Female,student469@gmail.com
470,19,91,85,96,83,74,87,74,Good,Male,student470@gmail.com
471,26,83,71,94,60,63,93,67,Good,Female,student471@gmail.com
472,7,97,93,99,98,96,79,88,Excellent,Male,student472@gmail.com
473,4,63,68,92,73,66,69,87,Good,Male,student473@gmail.com
474,22,92,98,90,82,86,86,89,Good,Male,student474@gmail.com
475,4,78,78,64,94,79,92,63,Good,Female,student475@gmail.com
476,29,78,90,69,100,90,91,90,Good,Female,student476@gmail.com
477,21,89,60,93,79,72,76,85,Good,Male,student477@gmail.com
478,5,53,87,100,84,63,62,95,Good,Female,student478@gmail.com
479,15,63,84,60,85,91,83,84,Good,Female,student479@gmail.com
480,10,100,98,71,100,71,92,63,Good,Male,student480@gmail.com
481,2,79,54,81,87,67,74,85,Good,Male,student481@gmail.com
482,0,93,77,71,62,94,69,72,Good,Female,student482@gmail.com
483,3,97,88,67,72,83,87,62,Good,Female,student483@gmail.com
484,1,76,82,93,98,98,60,65,Good,Female,student484@gmail.com
485,26,84,83,80,91,88,61,61,Good,Male,student485@gmail.com
486,2,56,96,65,61,78,77,95,Good,Male,student486@gmail.com
487,21,97,89,94,91,95,70,75,Good,Female,student487@gmail.com
488,5,67,60,97,53,93,78,81,Good,Female,student488@gmail.com
489,5,97,93,64,74,94,74,76,Good,Male,student489@gmail.com
490,0,100,67,50,78,73,90,91,Good,Male,student490@gmail.com
491,10,83,61,76,75,62,79,94,Good,Female,student491@gmail.com
492,2,85,63,83,83,69,94,80,Good,Male,student492@gmail.com
493,24,100,96,97,64,76,77,61,Good,Female,student493@gmail.com
494,46,92,98,99,86,100,86,87,Excellent,Female,student494@gmail.com
495,31,88,98,65,68,99,94,79,Good,Female,student495@gmail.com
496,33,95,82,62,76,64,91,79,Good,Male,student496@gmail.com
497,26,76,81,84,80,80,84,70,Good,Male,student497@gmail.com
498,19,79,93,72,97,69,78,87,Good,Female,student498@gmail.com
499,25,93,70,84,68,71,85,70,Good,Female,student499@gmail.com
500,24,79,96,78,90,94,76,88,Good,Female,student500@gmail.com
501,21,98,99,72,100,94,77,84,Excellent,Male,student501@gmail.com
502,0,93,99,81,67,87,76,60,Good,Male,student502@gmail.com
503,30,91,79,78,95,86,89,100,Good,Female,student503@gmail.com
504,32,86,99,77,61,72,92,70,Good,Female,student504@gmail.com
505,15,81,80,85,93,68,75,90,Good,Female,student505@gmail.com
506,15,97,94,94,83,91,65,96,Good,Female,student506@gmail.com
507,4,90,95,89,93,92,99,88,Excellent,Female,student507@gmail.com
508,27,90,91,62,82,76,70,64,Good,Female,student508@gmail.com
509,33,82,92,95,61,84,81,82,Good,Male,student509@gmail.com
510,25,91,94,89,74,60,77,77,Good,Female,student510@gmail.com
511,29,70,94,67,74,84,95,65,Good,Male,student511@gmail.com
512,13,60,75,70,96,63,82,80,Good,Female,student512@gmail.com
513,49,85,96,99,94,95,92,95,Excellent,Male,student513@gmail.com
514,34,82,85,72,69,63,99,68,Good,Male,student514@gmail.com
515,28,83,79,92,69,85,71,95,Good,Female,student515@gmail.com
516,44,96,88,100,95,85,94,93,Excellent,Female,student516@gmail.com
517,14,85,87,78,72,91,88,93,Good,Female,student517@gmail.com
518,1,95,61,84,98,63,66,80,Good,Female,student518@gmail.com
519,22,97,92,87,61,75,62,94,Good,Male,student519@gmail.com
520,11,95,69,91,97,89,84,66,Good,Male,student520@gmail.com
521,2,69,98,77,63,88,64,60,Good,Male,student521@gmail.com
522,3,84,55,65,62,56,91,81,Average,Male,student522@gmail.com
523,28,92,100,100,98,83,75,72,Excellent,Female,student523@gmail.com
524,0,87,95,78,82,53,59,66,Good,Male,student524@gmail.com
525,22,97,87,90,70,96,75,93,Good,Male,student525@gmail.com
526,3,92,96,77,95,63,57,90,Good,Male,student526@gmail.com
527,25,72,91,68,79,98,71,89,Good,Male,student527@gmail.com
528,1,50,55,96,72,55,50,64,Average,Female,student528@gmail.com
529,37,97,96,93,94,91,96,87,Excellent,Female,student529@gmail.com
530,28,89,77,69,72,63,84,99,Good,Male,student530@gmail.com
531,30,77,76,90,95,94,99,94,Excellent,Male,student531@gmail.com
532,19,91,89,66,69,100,88,79,Good,Female,student532@gmail.com
533,2,64,92,70,81,85,55,76,Good,Female,student533@gmail.com
534,26,71,87,63,73,89,77,66,Good,Male,student534@gmail.com
535,0,56,79,74,66,92,57,61,Good,Female,student535@gmail.com
536,5,87,70,98,64,65,78,83,Good,Male,student536@gmail.com
537,17,99,69,85,91,77,88,75,Good,Female,student537@gmail.com
538,26,98,88,76,72,92,81,89,Good,Male,student538@gmail.com
539,32,87,83,74,61,81,72,98,Good,Female,student539@gmail.com
540,16,88,96,90,92,68,97,73,Good,Female,student540@gmail.com
541,2,71,52,53,64,89,76,70,Average,Male,student541@gmail.com
542,35,96,90,91,95,99,95,99,Excellent,Male,student542@gmail.com
543,17,81,95,99,65,56,79,98,Good,Female,student543@gmail.com
544,3,94,92,63,84,79,66,96,Good,Female,student544@gmail.com
545,47,94,87,98,90,92,88,100,Excellent,Female,student545@gmail.com
546,29,98,87,75,63,85,88,75,Good,Male,student546@gmail.com
547,5,100,58,54,97,58,51,80,Good,Male,student547@gmail.com
548,12,66,89,65,99,84,84,86,Good,Male,student548@gmail.com
549,35,94,99,97,94,85,97,97,Excellent,Male,student549@gmail.com
550,3,83,90,93,89,64,63,82,Good,Male,student550@gmail.com
551,2,92,54,50,88,90,91,95,Good,Female,student551@gmail.com
552,35,93,100,90,94,97,98,98,Excellent,Female,student552@gmail.com
553,7,69,92,84,98,98,83,87,Good,Female,student553@gmail.com
554,15,94,71,63,73,66,90,91,Good,Female,student554@gmail.com
555,3,100,92,95,90,67,81,66,Good,Male,student555@gmail.com
556,35,96,92,98,100,94,93,86,Excellent,Male,student556@gmail.com
557,28,76,87,99,69,89,93,85,Good,Female,student557@gmail.com
558,4,77,62,94,65,77,77,95,Good,Male,student558@gmail.com
559,4,84,67,79,60,69,80,98,Good,Male,student559@gmail.com
560,16,95,61,68,75,64,76,66,Good,Female,student560@gmail.com
561,26,90,64,94,84,66,61,72,Good,Male,student561@gmail.com
562,30,96,89,73,75,99,89,71,Good,Female,student562@gmail.com
563,2,80,81,92,73,71,71,84,Good,Female,student563@gmail.com
564,34,87,83,75,73,92,91,71,Good,Female,student564@gmail.com
565,0,94,75,91,64,67,93,65,Good,Female,student565@gmail.com
566,3,87,82,88,100,73,96,75,Good,Female,student566@gmail.com
567,30,95,97,88,77,96,96,74,Excellent,Male,student567@gmail.com
568,15,85,96,82,64,82,94,81,Good,Male,student568@gmail.com
569,1,67,65,77,72,94,88,77,Good,Male,student569@gmail.com
570,6,84,100,92,82,85,70,69,Good,Male,student570@gmail.com
571,1,83,88,90,100,71,98,96,Good,Male,student571@gmail.com
572,5,67,78,68,51,77,72,78,Average,Male,student572@gmail.com
573,30,75,92,72,88,92,77,84,Good,Female,student573@gmail.com
574,8,67,76,70,73,81,85,80,Good,Female,student574@gmail.com
575,5,67,54,51,72,75,60,88,Average,Female,student575@gmail.com
576,5,72,91,78,97,86,93,77,Good,Female,student576@gmail.com
577,4,78,98,76,68,86,91,82,Good,Female,student577@gmail.com
578,47,85,87,92,96,92,90,88,Excellent,Male,student578@gmail.com
579,16,100,70,69,61,100,65,81,Good,Female,student579@gmail.com
580,3,56,59,89,68,79,83,68,Good,Male,student580@gmail.com
581,32,93,75,83,99,100,91,74,Excellent,Male,student581@gmail.com
582,31,89,91,85,69,76,92,94,Good,Male,student582@gmail.com
583,6,59,88,74,92,72,97,64,Good,Male,student583@gmail.com
584,16,99,70,74,65,99,74,62,Good,Male,student584@gmail.com
585,34,89,89,85,74,78,87,82,Good,Male,student585@gmail.com
586,26,86,63,78,78,80,67,97,Good,Male,student586@gmail.com
587,21,79,65,91,65,61,88,95,Good,Female,student587@gmail.com
588,46,96,89,91,90,90,91,99,Excellent,Male,student588@gmail.com
589,48,95,90,85,90,96,89,96,Excellent,Male,student589@gmail.com
590,46,96,85,90,95,100,96,88,Excellent,Female,student590@gmail.com
591,28,95,80,64,97,85,94,60,Good,Male,student591@gmail.com
592,2,80,62,84,95,71,85,87,Good,Female,student592@gmail.com
593,32,86,70,73,85,67,91,98,Good,Female,student593@gmail.com
594,5,42,95,99,61,62,77,99,Good,Male,student594@gmail.com
595,31,80,93,93,94,81,81,78,Good,Female,student595@gmail.com
596,1,79,97,100,94,65,62,76,Good,Female,student596@gmail.com
597,4,43,63,91,67,74,71,88,Average,Female,student597@gmail.com
598,8,58,84,95,66,99,91,70,Good,Male,student598@gmail.com
599,23,86,73,83,93,46,91,70,Good,Male,student599@gmail.com
600,23,96,91,97,84,89,82,75,Excellent,Male,student600@gmail.com
601,28,91,88,98,89,75,91,92,Excellent,Male,student601@gmail.com
602,7,85,62,77,62,80,88,83,Good,Female,student602@gmail.com
603,5,87,91,93,92,97,95,99,Excellent,Female,student603@gmail.com
604,4,60,91,85,67,98,61,64,Good,Male,student604@gmail.com
605,26,76,85,67,60,100,63,64,Good,Female,student605@gmail.com
606,33,84,89,74,79,86,93,95,Good,Female,student606@gmail.com
607,34,87,94,74,84,77,82,85,Good,Female,student607@gmail.com
608,16,82,79,64,75,93,82,60,Good,Male,student608@gmail.com
609,3,64,61,73,70,87,75,100,Good,Male,student609@gmail.com
610,25,77,80,88,84,84,92,82,Good,Female,student610@gmail.com
611,4,86,82,90,69,66,93,94,Good,Male,student611@gmail.com
612,4,81,84,76,88,84,89,87,Good,Male,student612@gmail.com
613,21,91,90,92,78,67,86,71,Good,Female,student613@gmail.com
614,4,72,99,61,67,95,98,89,Good,Male,student614@gmail.com
615,24,80,70,80,96,72,99,65,Good,Female,student615@gmail.com
616,16,90,89,98,70,79,60,92,Good,Male,student616@gmail.com
617,2,72,51,52,98,50,90,63,Average,Female,student617@gmail.com
618,35,93,85,89,93,90,91,88,Excellent,Female,student618@gmail.com
619,24,95,85,90,94,91,84,85,Excellent,Male,student619@gmail.com
620,46,86,93,89,90,100,86,93,Excellent,Female,student620@gmail.com
621,1,89,55,89,67,55,64,70,Good,Female,student621@gmail.com
622,26,90,75,67,85,64,95,96,Good,Female,student622@gmail.com
623,5,79,95,81,67,66,71,66,Good,Female,student623@gmail.com
624,17,86,88,98,66,62,95,90,Good,Male,student624@gmail.com
625,4,83,78,68,72,77,89,70,Good,Male,student625@gmail.com
626,27,85,92,62,95,65,89,95,Good,Male,student626@gmail.com
627,0,66,78,86,87,64,65,64,Good,Female,student627@gmail.com
628,16,93,80,60,62,43,68,67,Good,Female,student628@gmail.com
629,14,65,89,79,95,71,61,62,Good,Male,student629@gmail.com
630,5,52,66,98,83,92,82,91,Good,Female,student630@gmail.com
631,31,90,80,84,70,65,89,64,Good,Female,student631@gmail.com
632,4,83,89,99,100,73,86,88,Good,Female,student632@gmail.com
633,5,62,89,72,68,85,80,75,Good,Female,student633@gmail.com
634,11,98,72,99,84,60,95,93,Good,Male,student634@gmail.com
635,12,76,75,74,67,76,82,79,Good,Male,student635@gmail.com
636,5,97,62,98,70,67,71,70,Good,Male,student636@gmail.com
637,1,63,60,95,99,87,58,66,Good,Male,student637@gmail.com
638,2,98,99,64,88,72,87,99,Good,Female,student638@gmail.com
639,1,78,84,84,61,88,67,92,Good,Male,student639@gmail.com
640,30,85,77,89,77,84,71,71,Good,Male,student640@gmail.com
641,0,59,100,84,93,70,56,74,Good,Female,student641@gmail.com
642,6,99,77,88,60,93,61,96,Good,Female,student642@gmail.com
643,24,76,62,86,80,47,85,71,Good,Male,student643@gmail.com
644,26,80,90,85,89,85,80,68,Good,Female,student644@gmail.com
645,0,82,74,92,50,77,98,100,Good,Male,student645@gmail.com
646,18,89,64,72,61,75,68,83,Good,Male,student646@gmail.com
647,20,89,79,75,80,97,94,68,Good,Female,student647@gmail.com
648,23,86,89,94,95,60,90,90,Good,Female,student648@gmail.com
649,4,65,76,92,86,93,61,97,Good,Male,student649@gmail.com
650,30,77,95,77,84,60,90,89,Good,Female,student650@gmail.com
651,34,88,85,68,62,64,99,66,Good,Female,student651@gmail.com
652,26,98,77,94,87,44,85,61,Good,Male,student652@gmail.com
653,27,84,86,90,80,72,99,85,Good,Male,student653@gmail.com
654,18,91,85,66,83,70,71,80,Good,Male,student654@gmail.com
655,39,97,95,94,90,86,85,95,Excellent,Male,student655@gmail.com
656,29,77,88,63,87,71,93,84,Good,Male,student656@gmail.com
657,27,100,84,93,96,97,70,95,Excellent,Male,student657@gmail.com
658,17,93,70,62,99,63,83,60,Good,Male,student658@gmail.com
659,31,93,99,79,78,64,87,76,Good,Male,student659@gmail.com
660,13,94,89,74,75,73,78,61,Good,Male,student660@gmail.com
661,12,88,86,79,93,68,92,99,Good,Male,student661@gmail.com
662,0,93,95,94,70,83,86,94,Good,Male,student662@gmail.com
663,21,83,75,84,68,95,80,88,Good,Female,student663@gmail.com
664,28,96,93,100,96,97,81,72,Excellent,Male,student664@gmail.com
665,35,87,88,93,88,96,85,94,Excellent,Male,student665@gmail.com
666,24,95,82,84,69,63,85,69,Good,Female,student666@gmail.com
667,28,87,87,86,84,66,83,81,Good,Female,student667@gmail.com
668,0,43,95,64,95,66,67,74,Good,Male,student668@gmail.com
669,0,40,100,88,79,71,86,89,Good,Male,student669@gmail.com
670,3,64,70,98,82,100,72,78,Good,Female,student670@gmail.com
671,16,72,79,95,68,75,70,88,Good,Male,student671@gmail.com
672,26,77,96,86,84,90,85,91,Good,Female,student672@gmail.com
673,4,40,86,53,63,50,87,77,Average,Male,student673@gmail.com
674,24,100,89,90,96,72,90,86,Excellent,Female,student674@gmail.com
675,22,89,93,95,88,72,76,71,Good,Female,student675@gmail.com
676,14,97,74,76,72,62,69,90,Good,Male,student676@gmail.com
677,21,100,77,74,61,81,96,96,Good,Female,student677@gmail.com
678,29,81,88,85,89,81,91,98,Good,Female,student678@gmail.com
679,3,100,91,53,78,55,91,74,Good,Male,student679@gmail.com
680,4,80,65,96,73,84,92,73,Good,Female,student680@gmail.com
681,19,79,88,83,84,78,72,79,Good,Female,student681@gmail.com
682,33,96,64,100,87,88,60,62,Good,Female,student682@gmail.com
683,24,95,81,91,62,36,79,69,Good,Female,student683@gmail.com
684,29,86,68,65,64,95,82,87,Good,Female,student684@gmail.com
685,27,86,97,72,90,95,99,76,Excellent,Female,student685@gmail.com
686,20,87,68,66,83,92,81,80,Good,Male,student686@gmail.com
687,35,94,87,100,90,86,86,90,Excellent,Female,student687@gmail.com
688,29,88,71,87,85,100,78,78,Good,Female,student688@gmail.com
689,0,88,69,76,64,90,78,80,Good,Female,student689@gmail.com
690,10,76,61,68,88,86,87,66,Good,Female,student690@gmail.com
691,29,84,66,99,80,71,88,89,Good,Male,student691@gmail.com
692,17,96,77,91,85,69,91,91,Good,Female,student692@gmail.com
693,1,57,75,64,85,53,95,81,Good,Female,student693@gmail.com
694,14,93,79,82,67,64,90,65,Good,Male,student694@gmail.com
695,24,88,84,61,61,79,62,99,Good,Female,student695@gmail.com
696,35,89,99,86,97,98,97,93,Excellent,Female,student696@gmail.com
697,19,80,88,94,94,100,99,99,Excellent,Male,student697@gmail.com
698,23,94,92,61,87,61,94,69,Good,Female,student698@gmail.com
699,14,99,74,98,69,69,64,96,Good,Male,student699@gmail.com
700,21,81,72,87,62,69,93,72,Good,Female,student700@gmail.com
701,18,91,61,95,82,77,87,95,Good,Female,student701@gmail.com
702,16,71,100,99,95,91,96,96,Excellent,Female,student702@gmail.com
703,2,61,66,78,79,79,96,81,Good,Female,student703@gmail.com
704,16,87,89,60,66,79,81,65,Good,Female,student704@gmail.com
705,29,93,69,79,78,77,73,77,Good,Male,student705@gmail.com
706,35,92,88,87,98,96,85,96,Excellent,Male,student706@gmail.com
707,11,96,87,99,65,98,79,93,Good,Female,student707@gmail.com
708,4,83,75,77,61,93,61,75,Good,Female,student708@gmail.com
709,15,78,84,79,96,76,71,71,Good,Female,student709@gmail.com
710,25,82,74,84,74,86,81,100,Good,Female,student710@gmail.com
711,31,94,91,68,61,34,60,63,Good,Female,student711@gmail.com
712,30,93,73,97,89,88,63,70,Good,Male,student712@gmail.com
713,17,80,95,98,95,96,97,85,Excellent,Female,student713@gmail.com
714,0,55,99,71,94,69,87,84,Good,Female,student714@gmail.com
715,10,94,71,83,76,99,95,94,Good,Female,student715@gmail.com
716,22,72,72,85,90,75,94,65,Good,Female,student716@gmail.com
717,16,98,89,75,68,87,69,96,Good,Male,student717@gmail.com
718,11,71,98,66,65,78,81,82,Good,Female,student718@gmail.com
719,35,99,95,89,90,95,98,99,Excellent,Female,student719@gmail.com
720,25,97,67,86,95,65,91,76,Good,Male,student720@gmail.com
721,5,85,64,99,93,89,61,67,Good,Female,student721@gmail.com
722,35,100,88,98,90,93,95,98,Excellent,Male,student722@gmail.com
723,15,89,63,73,83,74,91,83,Good,Female,student723@gmail.com
724,21,76,87,63,92,93,87,88,Good,Female,student724@gmail.com
725,3,100,68,80,75,85,82,85,Good,Female,student725@gmail.com
726,1,77,99,99,76,70,80,90,Good,Female,student726@gmail.com
727,32,85,86,84,81,92,84,93,Good,Female,student727@gmail.com
728,25,70,83,63,86,97,88,79,Good,Male,student728@gmail.com
729,26,76,83,90,68,96,94,87,Good,Male,student729@gmail.com
730,34,75,82,89,65,85,89,81,Good,Male,student730@gmail.com
731,25,97,65,96,87,87,95,100,Good,Female,student731@gmail.com
732,3,72,81,61,73,96,72,86,Good,Female,student732@gmail.com
733,12,84,69,68,92,86,67,73,Good,Female,student733@gmail.com
734,25,84,94,65,74,92,81,79,Good,Male,student734@gmail.com
735,50,94,87,99,99,86,86,85,Excellent,Female,student735@gmail.com
736,15,80,91,100,87,87,94,100,Good,Female,student736@gmail.com
737,34,87,98,79,87,92,80,93,Good,Male,student737@gmail.com
738,27,93,94,87,92,99,93,88,Excellent,Female,student738@gmail.com
739,5,87,69,96,61,72,78,99,Good,Male,student739@gmail.com
740,0,64,51,70,94,86,65,80,Good,Male,student740@gmail.com
741,15,96,73,91,71,72,74,76,Good,Female,student741@gmail.com
742,31,97,62,93,80,96,94,67,Good,Male,student742@gmail.com
743,0,62,79,75,65,71,75,93,Good,Male,student743@gmail.com
744,5,97,79,96,94,59,83,64,Good,Male,student744@gmail.com
745,35,85,100,90,93,94,97,98,Excellent,Male,student745@gmail.com
746,27,68,95,66,65,89,84,100,Good,Female,student746@gmail.com
747,1,45,68,99,91,88,63,61,Good,Male,student747@gmail.com
748,2,86,79,86,73,53,84,79,Good,Female,student748@gmail.com
749,34,97,94,73,98,87,97,98,Excellent,Female,student749@gmail.com
750,18,93,67,65,61,61,96,65,Good,Female,student750@gmail.com
751,14,85,93,75,72,84,63,63,Good,Male,student751@gmail.com
752,6,88,88,98,92,71,66,90,Good,Female,student752@gmail.com
753,2,100,67,98,71,92,79,99,Good,Female,student753@gmail.com
754,19,93,74,88,92,77,89,96,Good,Male,student754@gmail.com
755,1,70,63,73,97,63,61,90,Good,Male,student755@gmail.com
756,13,82,67,94,88,86,89,98,Good,Male,student756@gmail.com
757,3,41,76,94,93,79,84,96,Good,Female,student757@gmail.com
758,21,94,74,74,89,67,93,96,Good,Female,student758@gmail.com
759,29,67,69,75,94,98,80,74,Good,Female,student759@gmail.com
760,11,89,75,64,81,66,82,92,Good,Female,student760@gmail.com
761,23,82,82,100,93,91,61,83,Good,Male,student761@gmail.com
762,30,96,79,93,92,92,71,87,Good,Male,student762@gmail.com
763,13,94,84,84,89,52,97,76,Good,Male,student763@gmail.com
764,19,84,65,83,99,86,75,67,Good,Female,student764@gmail.com
765,33,87,98,97,70,80,67,82,Good,Male,student765@gmail.com
766,21,90,93,66,77,72,82,82,Good,Male,student766@gmail.com
767,31,86,81,91,83,97,83,80,Good,Male,student767@gmail.com
768,3,48,72,64,65,64,55,79,Average,Male,student768@gmail.com
769,3,49,59,99,59,75,54,70,Average,Male,student769@gmail.com
770,30,90,83,72,77,99,84,67,Good,Female,student770@gmail.com
771,1,40,51,93,100,76,60,99,Good,Male,student771@gmail.com
772,8,78,81,71,91,79,79,75,Good,Male,student772@gmail.com
773,29,87,68,75,96,91,72,78,Good,Female,student773@gmail.com
774,18,79,81,68,70,60,65,71,Good,Male,student774@gmail.com
775,4,100,100,94,83,62,92,71,Good,Female,student775@gmail.com
776,10,71,72,65,65,65,67,97,Average,Female,student776@gmail.com
777,32,77,64,69,60,92,76,74,Good,Female,student777@gmail.com
778,32,83,84,96,96,79,80,81,Good,Male,student778@gmail.com
779,16,96,79,80,71,67,76,63,Good,Female,student779@gmail.com
780,35,91,96,100,95,100,94,95,Excellent,Male,student780@gmail.com
781,2,71,69,95,83,90,93,89,Good,Male,student781@gmail.com
782,27,84,80,75,63,71,86,63,Good,Male,student782@gmail.com
783,28,91,61,61,85,64,76,88,Good,Male,student783@gmail.com
784,2,59,65,72,60,94,63,75,Average,Male,student784@gmail.com
785,42,89,90,91,95,87,92,96,Excellent,Female,student785@gmail.com
786,31,81,92,68,93,69,78,89,Good,Female,student786@gmail.com
787,15,77,84,86,97,90,83,92,Good,Male,student787@gmail.com
788,1,72,58,73,57,67,88,70,Average,Male,student788@gmail.com
789,10,91,63,78,93,76,76,90,Good,Female,student789@gmail.com
790,40,88,100,94,91,85,91,88,Excellent,Female,student790@gmail.com
791,40,94,88,99,92,98,85,95,Excellent,Female,student791@gmail.com
792,8,67,72,98,65,61,87,89,Good,Female,student792@gmail.com
793,22,88,86,82,89,81,61,83,Good,Female,student793@gmail.com
794,21,67,67,62,80,61,61,82,Average,Male,student794@gmail.com
795,31,95,87,96,97,83,93,88,Excellent,Female,student795@gmail.com
796,10,96,91,78,94,81,88,86,Good,Male,student796@gmail.com
797,35,87,99,99,100,98,96,94,Excellent,Male,student797@gmail.com
798,14,85,88,85,92,96,81,95,Good,Female,student798@gmail.com
799,7,88,85,100,68,65,97,94,Good,Male,student799@gmail.com
800,4,94,68,72,99,83,53,83,Good,Male,student800@gmail.com
801,14,67,100,77,85,73,95,86,Good,Male,student801@gmail.com
802,29,92,63,99,77,82,88,72,Good,Female,student802@gmail.com
803,20,76,75,60,77,71,70,88,Good,Female,student803@gmail.com
804,24,86,75,96,62,81,91,84,Good,Female,student804@gmail.com
805,27,94,94,86,62,73,90,75,Good,Female,student805@gmail.com
806,31,100,85,62,62,89,65,67,Good,Female,student806@gmail.com
807,27,74,84,71,93,65,98,61,Good,Female,student807@gmail.com
808,23,99,98,70,73,63,62,88,Good,Female,student808@gmail.com
809,0,66,97,72,98,86,86,63,Good,Male,student809@gmail.com
810,35,99,96,100,95,90,95,88,Excellent,Female,student810@gmail.com
811,33,97,76,99,85,98,62,97,Good,Male,student811@gmail.com
812,11,81,71,76,95,99,85,71,Good,Male,student812@gmail.com
813,10,95,88,62,85,82,94,73,Good,Female,student813@gmail.com
814,3,55,69,53,75,86,95,61,Good,Male,student814@gmail.com
815,5,50,62,97,90,93,75,80,Good,Male,student815@gmail.com
816,34,98,84,90,83,84,61,99,Good,Male,student816@gmail.com
817,15,88,67,71,85,68,88,67,Good,Male,student817@gmail.com
818,20,87,99,92,85,62,69,67,Good,Male,student818@gmail.com
819,3,73,74,94,76,97,86,85,Good,Male,student819@gmail.com
820,2,46,71,60,50,85,69,62,Average,Male,student820@gmail.com
821,27,88,82,90,94,99,78,65,Good,Male,student821@gmail.com
822,29,95,62,68,64,71,87,60,Good,Female,student822@gmail.com
823,2,73,71,60,70,78,72,78,Good,Female,student823@gmail.com
824,9,70,88,100,91,98,68,81,Good,Male,student824@gmail.com
825,14,84,100,99,94,84,86,63,Excellent,Female,student825@gmail.com
826,25,88,60,87,90,87,86,62,Good,Female,student826@gmail.com
827,9,66,65,82,96,87,87,63,Good,Male,student827@gmail.com
828,2,46,54,93,57,99,59,73,Average,Female,student828@gmail.com
829,31,71,92,60,73,74,86,94,Good,Female,student829@gmail.com
830,3,76,77,99,87,95,94,85,Good,Female,student830@gmail.com
831,12,78,95,66,70,75,99,84,Good,Male,student831@gmail.com
832,5,100,54,70,58,50,95,92,Good,Male,student832@gmail.com
833,11,73,97,87,93,78,99,86,Good,Male,student833@gmail.com
834,4,96,63,85,77,82,65,88,Good,Male,student834@gmail.com
835,25,82,84,93,70,99,66,80,Good,Male,student835@gmail.com
836,33,81,91,71,79,98,69,75,Good,Female,student836@gmail.com
837,24,97,80,67,71,75,96,100,Good,Male,student837@gmail.com
838,0,92,65,95,60,93,69,82,Good,Female,student838@gmail.com
839,0,81,77,92,97,62,65,92,Good,Female,student839@gmail.com
840,3,99,69,71,84,96,84,69,Good,Male,student840@gmail.com
841,26,97,100,87,90,96,86,93,Excellent,Male,student841@gmail.com
842,31,80,87,94,68,89,82,76,Good,Female,student842@gmail.com
843,20,88,62,91,83,97,83,63,Good,Female,student843@gmail.com
844,9,95,72,99,67,83,78,65,Good,Female,student844@gmail.com
845,15,90,81,69,70,95,97,62,Good,Female,student845@gmail.com
846,1,77,89,50,82,71,78,70,Good,Male,student846@gmail.com
847,4,82,69,91,95,82,85,60,Good,Male,student847@gmail.com
848,2,90,74,88,97,88,73,66,Good,Female,student848@gmail.com
849,32,94,90,81,82,100,82,98,Excellent,Female,student849@gmail.com
850,2,87,84,76,87,65,80,72,Good,Male,student850@gmail.com
851,2,86,66,88,98,68,79,77,Good,Male,student851@gmail.com
852,19,84,85,83,69,82,91,69,Good,Female,student852@gmail.com
853,12,86,63,85,64,98,97,86,Good,Male,student853@gmail.com
854,5,70,66,98,96,64,65,91,Good,Male,student854@gmail.com
855,22,87,94,72,93,44,92,83,Good,Female,student855@gmail.com
856,1,47,78,75,62,61,55,93,Average,Female,student856@gmail.com
857,21,96,63,77,93,61,86,83,Good,Male,student857@gmail.com
858,5,54,93,96,59,84,79,93,Good,Female,student858@gmail.com
859,5,59,100,64,68,86,89,91,Good,Male,student859@gmail.com
860,8,92,99,93,82,97,70,79,Good,Male,student860@gmail.com
861,25,100,62,78,74,72,73,78,Good,Female,student861@gmail.com
862,34,92,81,84,84,84,66,74,Good,Female,student862@gmail.com
863,0,75,66,91,73,100,94,67,Good,Male,student863@gmail.com
864,34,93,74,63,97,64,61,92,Good,Male,student864@gmail.com
865,31,100,96,67,63,91,96,84,Good,Female,student865@gmail.com
866,1,80,84,67,96,88,94,86,Good,Female,student866@gmail.com
867,28,100,92,66,96,76,88,77,Good,Female,student867@gmail.com
868,5,52,65,74,71,63,59,67,Average,Female,student868@gmail.com
869,26,95,69,91,67,67,70,71,Good,Female,student869@gmail.com
870,21,100,67,100,65,67,92,67,Good,Female,student870@gmail.com
871,22,96,73,90,84,64,75,62,Good,Female,student871@gmail.com
872,30,60,67,94,74,71,98,74,Good,Male,student872@gmail.com
873,2,51,98,90,54,77,80,71,Good,Female,student873@gmail.com
874,24,85,100,93,64,81,78,64,Good,Male,student874@gmail.com
875,15,76,86,68,83,82,67,69,Good,Male,student875@gmail.com
876,24,92,63,87,92,81,78,74,Good,Female,student876@gmail.com
877,3,90,89,95,73,79,98,68,Good,Male,student877@gmail.com
878,4,73,53,68,60,95,96,99,Good,Female,student878@gmail.com
879,42,90,89,92,93,97,92,100,Excellent,Female,student879@gmail.com
880,24,87,87,86,91,90,75,79,Good,Male,student880@gmail.com
881,0,93,96,70,92,65,90,84,Good,Female,student881@gmail.com
882,4,75,91,68,86,81,72,89,Good,Female,student882@gmail.com
883,25,96,100,99,82,79,95,89,Excellent,Female,student883@gmail.com
884,1,63,75,68,63,63,73,79,Average,Female,student884@gmail.com
885,35,85,90,89,98,100,97,95,Excellent,Female,student885@gmail.com
886,20,93,61,65,77,97,90,90,Good,Female,student886@gmail.com
887,11,60,92,82,65,82,91,67,Good,Female,student887@gmail.com
888,21,95,91,63,83,75,73,74,Good,Female,student888@gmail.com
889,1,61,73,76,51,76,50,77,Average,Female,student889@gmail.com
890,15,97,81,65,70,62,96,75,Good,Female,student890@gmail.com
891,33,90,64,91,93,86,91,97,Good,Male,student891@gmail.com
892,4,90,100,80,66,63,69,66,Good,Male,student892@gmail.com
893,24,85,74,68,68,75,78,95,Good,Female,student893@gmail.com
894,13,82,87,98,73,74,89,66,Good,Female,student894@gmail.com
895,5,95,88,66,72,92,52,70,Good,Female,student895@gmail.com
896,12,95,96,66,68,90,91,99,Good,Female,student896@gmail.com
897,8,81,90,71,97,81,86,73,Good,Female,student897@gmail.com
898,8,62,69,99,95,73,79,83,Good,Female,student898@gmail.com
899,8,95,92,89,64,77,80,66,Good,Female,student899@gmail.com
900,0,64,62,51,85,74,91,93,Good,Female,student900@gmail.com
901,14,96,67,88,82,90,74,96,Good,Male,student901@gmail.com
902,3,40,58,57,68,57,99,95,Average,Female,student902@gmail.com
903,19,87,80,84,65,91,84,65,Good,Female,student903@gmail.com
904,29,74,95,82,61,70,88,92,Good,Female,student904@gmail.com
905,0,51,56,64,85,91,78,97,Good,Male,student905@gmail.com
906,5,57,74,98,93,63,70,67,Good,Male,student906@gmail.com
907,4,84,54,52,52,65,54,69,Average,Female,student907@gmail.com
908,1,84,83,71,98,93,95,99,Good,Male,student908@gmail.com
909,12,100,84,73,96,97,85,63,Good,Female,student909@gmail.com
910,27,90,91,88,95,98,99,71,Excellent,Female,student910@gmail.com
911,12,97,77,66,93,99,78,91,Good,Male,student911@gmail.com
912,21,77,93,69,75,88,81,89,Good,Male,student912@gmail.com
913,15,82,61,79,84,73,95,85,Good,Female,student913@gmail.com
914,26,89,68,83,88,69,79,74,Good,Female,student914@gmail.com
915,3,43,83,58,89,87,78,86,Good,Male,student915@gmail.com
916,31,86,85,66,94,62,86,92,Good,Female,student916@gmail.com
917,31,92,74,95,97,87,78,68,Good,Female,student917@gmail.com
918,3,71,70,60,84,87,87,64,Good,Female,student918@gmail.com
919,16,92,81,71,97,96,72,63,Good,Male,student919@gmail.com
920,29,77,92,65,62,76,84,100,Good,Female,student920@gmail.com
921,31,90,62,87,63,77,71,68,Good,Male,student921@gmail.com
922,46,91,85,98,96,98,96,93,Excellent,Male,student922@gmail.com
923,24,88,72,96,97,71,60,61,Good,Male,student923@gmail.com
924,2,98,73,85,78,61,74,96,Good,Female,student924@gmail.com
925,2,87,60,67,88,99,56,92,Good,Male,student925@gmail.com
926,9,66,64,82,82,72,96,100,Good,Male,student926@gmail.com
927,0,83,98,51,72,90,59,73,Good,Female,student927@gmail.com
928,4,40,94,90,68,61,77,92,Good,Female,student928@gmail.com
929,4,43,90,78,63,68,63,72,Average,Female,student929@gmail.com
930,34,100,97,74,74,82,75,69,Good,Female,student930@gmail.com
931,34,93,70,74,78,94,75,96,Good,Male,student931@gmail.com
932,32,98,86,82,72,79,93,94,Good,Female,student932@gmail.com
933,23,90,95,73,81,81,62,81,Good,Male,student933@gmail.com
934,20,90,77,86,91,76,78,62,Good,Female,student934@gmail.com
935,5,68,67,65,68,63,97,63,Good,Male,student935@gmail.com
936,15,91,60,98,77,72,74,63,Good,Female,student936@gmail.com
937,21,87,74,92,67,85,63,87,Good,Male,student937@gmail.com
938,30,91,90,88,92,75,98,91,Excellent,Male,student938@gmail.com
939,15,98,72,87,74,100,84,85,Good,Female,student939@gmail.com
940,18,85,74,79,82,71,87,67,Good,Female,student940@gmail.com
941,4,40,97,71,70,73,81,85,Good,Male,student941@gmail.com
942,24,76,75,76,67,60,77,100,Good,Female,student942@gmail.com
943,15,89,76,84,93,64,86,95,Good,Female,student943@gmail.com
944,2,76,73,74,73,81,87,84,Good,Female,student944@gmail.com
945,14,91,61,100,88,73,84,100,Good,Female,student945@gmail.com
946,5,55,58,96,88,99,98,71,Good,Female,student946@gmail.com
947,0,93,88,76,73,67,88,76,Good,Male,student947@gmail.com
948,10,84,68,60,86,90,84,81,Good,Female,student948@gmail.com
949,2,62,65,98,52,66,94,82,Good,Female,student949@gmail.com
950,30,80,81,75,72,71,84,87,Good,Female,student950@gmail.com
951,28,93,84,85,94,95,74,83,Good,Male,student951@gmail.com
952,29,92,82,63,61,66,84,98,Good,Female,student952@gmail.com
953,35,87,89,91,89,93,92,95,Excellent,Male,student953@gmail.com
954,12,83,69,93,60,98,83,88,Good,Male,student954@gmail.com
955,32,95,75,87,67,96,86,85,Good,Female,student955@gmail.com
956,27,79,65,92,67,78,66,98,Good,Male,student956@gmail.com
957,25,87,68,84,92,96,88,60,Good,Male,student957@gmail.com
958,11,94,92,76,74,65,96,87,Good,Male,student958@gmail.com
959,2,82,77,95,81,83,73,76,Good,Male,student959@gmail.com
960,24,90,98,89,78,74,93,65,Good,Female,student960@gmail.com
961,16,100,68,62,76,72,94,89,Good,Male,student961@gmail.com
962,1,98,85,75,66,73,88,85,Good,Male,student962@gmail.com
963,2,80,84,94,63,62,72,68,Good,Male,student963@gmail.com
964,35,89,91,96,100,95,93,86,Excellent,Female,student964@gmail.com
965,5,96,67,74,90,75,95,83,Good,Female,student965@gmail.com
966,14,94,82,80,80,33,93,78,Good,Male,student966@gmail.com
967,26,64,65,97,96,80,80,78,Good,Male,student967@gmail.com
968,41,89,89,100,96,96,85,92,Excellent,Male,student968@gmail.com
969,6,97,78,99,88,69,98,60,Good,Male,student969@gmail.com
970,35,91,97,87,93,94,90,88,Excellent,Female,student970@gmail.com
971,30,96,98,99,65,95,76,68,Good,Male,student971@gmail.com
972,12,81,68,97,86,90,78,80,Good,Female,student972@gmail.com
973,29,87,89,61,66,72,90,61,Good,Female,student973@gmail.com
974,4,67,56,77,93,95,50,74,Good,Male,student974@gmail.com
975,0,100,95,60,89,77,89,67,Good,Female,student975@gmail.com
976,17,88,74,60,60,78,94,69,Good,Male,student976@gmail.com
977,20,86,64,100,76,99,77,86,Good,Female,student977@gmail.com
978,35,85,87,90,88,87,97,100,Excellent,Male,student978@gmail.com
979,26,93,95,80,88,83,62,65,Good,Male,student979@gmail.com
980,24,80,66,77,81,99,99,83,Good,Male,student980@gmail.com
981,0,56,67,57,79,87,89,89,Good,Male,student981@gmail.com
982,32,87,62,84,96,69,98,64,Good,Female,student982@gmail.com
983,4,97,85,96,61,97,79,70,Good,Male,student983@gmail.com
984,34,86,67,98,86,86,83,89,Good,Female,student984@gmail.com
985,29,97,85,81,71,62,62,82,Good,Male,student985@gmail.com
986,35,91,94,97,97,100,88,99,Excellent,Male,student986@gmail.com
987,23,86,64,96,84,86,96,92,Good,Female,student987@gmail.com
988,5,90,97,54,59,82,76,72,Good,Female,student988@gmail.com
989,1,95,87,87,84,95,84,65,Good,Female,student989@gmail.com
990,31,90,100,76,76,84,79,84,Good,Male,student990@gmail.com
991,14,66,68,87,70,77,76,89,Good,Male,student991@gmail.com
992,3,81,92,72,91,67,71,88,Good,Female,student992@gmail.com
993,18,85,99,86,69,68,98,62,Good,Male,student993@gmail.com
994,47,94,90,95,85,98,91,96,Excellent,Female,student994@gmail.com
995,4,81,71,83,63,80,79,83,Good,Male,student995@gmail.com
996,32,97,87,95,67,98,93,89,Excellent,Female,student996@gmail.com
997,20,100,79,72,98,87,76,76,Good,Female,student997@gmail.com
998,3,54,64,72,80,98,83,85,Good,Female,student998@gmail.com
999,19,97,87,70,74,73,74,81,Good,Male,student999@gmail.com
1000,5,65,83,67,84,89,65,73,Good,Male,student1000@gmail.com
1001,0,53,51,57,72,77,78,79,Average,Female,student1001@gmail.com
1002,9,82,74,80,88,92,96,95,Good,Female,student1002@gmail.com
1003,4,93,90,79,54,53,99,79,Good,Female,student1003@gmail.com
1004,22,93,90,73,94,81,84,74,Good,Male,student1004@gmail.com
1005,3,91,95,88,89,58,81,69,Good,Female,student1005@gmail.com
1006,33,99,91,85,100,84,77,98,Excellent,Female,student1006@gmail.com
1007,13,87,63,81,85,62,98,81,Good,Female,student1007@gmail.com
1008,19,83,79,91,62,63,76,93,Good,Male,student1008@gmail.com
1009,10,59,73,90,74,95,77,81,Good,Female,student1009@gmail.com
1010,29,74,68,71,60,97,64,63,Good,Female,student1010@gmail.com
1011,31,81,98,71,92,74,93,63,Good,Female,student1011@gmail.com
1012,3,80,92,85,81,94,75,72,Good,Female,student1012@gmail.com
1013,29,89,66,72,77,79,95,92,Good,Male,student1013@gmail.com
1014,34,65,78,82,65,100,92,64,Good,Male,student1014@gmail.com
1015,4,94,61,60,77,75,93,60,Good,Female,student1015@gmail.com
1016,34,93,70,80,67,77,80,91,Good,Male,student1016@gmail.com
1017,30,90,69,91,84,65,86,93,Good,Male,student1017@gmail.com
1018,18,67,60,87,73,92,82,70,Good,Female,student1018@gmail.com
1019,32,81,91,73,72,49,81,72,Good,Female,student1019@gmail.com
1020,31,95,71,88,96,82,65,80,Good,Male,student1020@gmail.com
1021,0,67,50,93,86,66,73,85,Good,Female,student1021@gmail.com
1022,3,83,69,99,88,87,81,68,Good,Male,student1022@gmail.com
1023,5,87,96,67,64,67,81,90,Good,Male,student1023@gmail.com
1024,24,82,71,84,68,74,64,73,Good,Female,student1024@gmail.com
1025,27,97,87,65,90,66,84,75,Good,Female,student1025@gmail.com
1026,21,88,67,77,89,97,70,71,Good,Female,student1026@gmail.com
1027,32,91,94,81,61,61,82,73,Good,Male,student1027@gmail.com
1028,5,77,60,83,65,81,80,88,Good,Male,student1028@gmail.com
1029,7,94,65,96,77,83,75,98,Good,Male,student1029@gmail.com
1030,1,100,82,91,82,70,51,77,Good,Male,student1030@gmail.com
1031,22,96,75,79,72,69,94,64,Good,Male,student1031@gmail.com
1032,15,75,64,76,65,44,80,91,Average,Female,student1032@gmail.com
1033,12,94,84,85,63,67,89,66,Good,Female,student1033@gmail.com
1034,21,89,100,89,65,91,83,61,Good,Male,student1034@gmail.com
1035,24,100,80,74,87,77,95,92,Good,Male,student1035@gmail.com
1036,18,94,97,61,67,77,88,70,Good,Female,student1036@gmail.com
1037,4,78,78,100,87,98,80,98,Good,Male,student1037@gmail.com
1038,5,65,71,88,57,75,62,62,Good,Male,student1038@gmail.com
1039,32,68,81,72,76,93,94,97,Good,Male,student1039@gmail.com
1040,0,93,78,98,76,86,89,92,Good,Male,student1040@gmail.com
1041,34,100,64,95,83,83,94,83,Good,Female,student1041@gmail.com
1042,28,85,99,64,78,63,95,91,Good,Female,student1042@gmail.com
1043,30,80,93,82,89,94,95,70,Excellent,Female,student1043@gmail.com
1044,31,97,80,60,98,86,83,75,Good,Female,student1044@gmail.com
1045,33,85,90,100,84,95,77,62,Excellent,Female,student1045@gmail.com
1046,28,87,76,87,98,61,92,81,Good,Female,student1046@gmail.com
1047,31,79,70,82,63,90,89,96,Good,Female,student1047@gmail.com
1048,7,87,86,73,88,98,71,85,Good,Female,student1048@gmail.com
1049,28,72,88,62,60,97,86,64,Good,Male,student1049@gmail.com
1050,44,89,99,93,99,87,89,98,Excellent,Male,student1050@gmail.com
1051,13,62,88,87,90,84,88,95,Good,Male,student1051@gmail.com
1052,15,93,84,86,82,62,87,84,Good,Female,student1052@gmail.com
1053,16,75,97,97,83,74,74,74,Good,Female,student1053@gmail.com
1054,18,75,66,61,69,68,96,63,Good,Male,student1054@gmail.com
1055,28,88,93,92,70,90,94,85,Good,Female,student1055@gmail.com
1056,29,86,95,95,72,72,80,65,Good,Male,student1056@gmail.com
1057,30,86,98,97,75,83,95,80,Excellent,Male,student1057@gmail.com
1058,32,99,95,88,68,91,62,75,Good,Female,student1058@gmail.com
1059,19,95,85,76,96,68,74,93,Good,Female,student1059@gmail.com
1060,18,92,72,61,93,86,97,79,Good,Male,student1060@gmail.com
1061,23,88,91,96,99,85,62,86,Good,Male,student1061@gmail.com
1062,16,92,60,76,61,94,93,94,Good,Female,student1062@gmail.com
1063,1,70,70,75,83,60,86,62,Good,Female,student1063@gmail.com
1064,35,85,90,98,92,89,88,95,Excellent,Male,student1064@gmail.com
1065,32,79,78,69,80,72,71,88,Good,Female,student1065@gmail.com
1066,31,60,88,75,94,87,82,79,Good,Male,student1066@gmail.com
1067,0,63,86,89,87,67,73,80,Good,Female,student1067@gmail.com
1068,24,99,77,82,60,88,91,93,Good,Male,student1068@gmail.com
1069,13,93,61,71,82,43,94,88,Good,Male,student1069@gmail.com
1070,4,63,72,92,82,84,82,60,Good,Female,student1070@gmail.com
1071,1,81,86,84,78,63,86,73,Good,Female,student1071@gmail.com
1072,27,60,61,66,82,100,76,79,Good,Female,student1072@gmail.com
1073,4,68,50,68,53,58,87,74,Average,Female,student1073@gmail.com
1074,8,89,97,65,75,61,60,60,Good,Female,student1074@gmail.com
1075,35,86,87,89,91,90,85,92,Excellent,Female,student1075@gmail.com
1076,7,71,96,83,76,60,87,74,Good,Female,student1076@gmail.com
1077,4,72,69,58,79,70,50,98,Average,Female,student1077@gmail.com
1078,25,74,67,90,69,83,89,68,Good,Female,student1078@gmail.com
1079,28,99,84,75,81,91,87,63,Good,Female,student1079@gmail.com
1080,19,99,78,74,95,72,65,91,Good,Male,student1080@gmail.com
1081,16,88,71,82,98,91,73,74,Good,Female,student1081@gmail.com
1082,6,65,72,77,89,74,76,61,Good,Female,student1082@gmail.com
1083,4,90,99,87,81,90,80,92,Good,Male,student1083@gmail.com
1084,34,91,88,79,60,82,96,83,Good,Female,student1084@gmail.com
1085,31,86,92,66,66,100,99,91,Good,Male,student1085@gmail.com
1086,27,86,84,98,67,76,75,65,Good,Female,student1086@gmail.com
1087,22,92,91,85,94,69,80,71,Good,Female,student1087@gmail.com
1088,25,90,97,64,64,61,81,93,Good,Male,student1088@gmail.com
1089,19,98,69,61,62,82,87,64,Good,Male,student1089@gmail.com
1090,28,72,93,68,62,83,98,67,Good,Female,student1090@gmail.com
1091,34,77,93,83,84,83,84,71,Good,Male,student1091@gmail.com
1092,5,75,52,84,70,81,99,85,Good,Male,student1092@gmail.com
1093,34,94,82,83,76,83,93,94,Good,Female,student1093@gmail.com
1094,34,75,88,71,62,90,78,95,Good,Male,student1094@gmail.com
1095,19,91,91,66,97,62,89,82,Good,Male,student1095@gmail.com
1096,13,75,64,100,63,98,71,73,Good,Female,student1096@gmail.com
1097,18,93,79,86,72,89,61,98,Good,Male,student1097@gmail.com
1098,1,86,81,80,85,62,86,69,Good,Male,student1098@gmail.com
1099,29,92,61,96,79,97,89,78,Good,Female,student1099@gmail.com
1100,34,90,91,61,72,64,84,72,Good,Female,student1100@gmail.com
1101,31,92,78,96,91,82,98,100,Excellent,Female,student1101@gmail.com
1102,14,90,88,71,96,72,74,80,Good,Female,student1102@gmail.com
1103,32,78,92,77,100,61,82,61,Good,Female,student1103@gmail.com
1104,5,82,58,58,91,91,55,98,Good,Male,student1104@gmail.com
1105,33,86,62,81,63,75,92,95,Good,Male,student1105@gmail.com
1106,32,83,63,93,94,93,90,78,Good,Female,student1106@gmail.com
1107,11,69,85,70,79,68,81,89,Good,Female,student1107@gmail.com
1108,12,83,81,96,96,62,82,77,Good,Male,student1108@gmail.com
1109,24,84,63,98,70,92,78,93,Good,Male,student1109@gmail.com
1110,29,89,71,77,88,66,80,87,Good,Female,student1110@gmail.com
1111,33,77,99,73,83,71,82,80,Good,Male,student1111@gmail.com
1112,13,94,88,98,64,99,98,96,Good,Male,student1112@gmail.com
1113,10,93,64,81,74,96,94,98,Good,Male,student1113@gmail.com
1114,38,92,88,90,94,88,92,96,Excellent,Female,student1114@gmail.com
1115,5,73,87,92,99,84,91,71,Good,Male,student1115@gmail.com
1116,35,90,87,100,98,91,98,96,Excellent,Male,student1116@gmail.com
1117,1,87,58,85,82,100,87,91,Good,Female,student1117@gmail.com
1118,21,88,74,99,72,63,87,79,Good,Male,student1118@gmail.com
1119,5,88,99,71,85,82,94,90,Good,Male,student1119@gmail.com
1120,15,96,87,64,88,64,92,77,Good,Female,student1120@gmail.com
1121,28,89,96,85,91,100,91,91,Excellent,Female,student1121@gmail.com
1122,5,58,77,69,83,94,70,97,Good,Female,student1122@gmail.com
1123,35,95,98,97,94,88,99,96,Excellent,Female,student1123@gmail.com
1124,28,76,69,86,72,71,79,63,Good,Female,student1124@gmail.com
1125,16,87,89,91,76,77,97,61,Good,Female,student1125@gmail.com
1126,29,60,65,86,66,61,99,89,Good,Male,student1126@gmail.com
1127,3,70,61,83,52,81,97,69,Good,Female,student1127@gmail.com
1128,35,90,86,99,94,100,89,85,Excellent,Male,student1128@gmail.com
1129,29,75,96,61,73,60,77,81,Good,Male,student1129@gmail.com
1130,14,96,100,96,87,83,81,95,Good,Female,student1130@gmail.com
1131,11,88,98,81,61,62,96,60,Good,Female,student1131@gmail.com
1132,1,99,60,87,94,71,93,93,Good,Female,student1132@gmail.com
1133,14,86,99,64,88,84,95,97,Good,Male,student1133@gmail.com
1134,11,96,61,85,87,83,80,79,Good,Male,student1134@gmail.com
1135,28,87,99,70,81,62,90,91,Good,Female,student1135@gmail.com
1136,18,89,90,96,97,87,84,63,Excellent,Female,student1136@gmail.com
1137,31,77,98,67,67,80,90,66,Good,Female,student1137@gmail.com
1138,2,57,71,51,59,84,74,68,Average,Female,student1138@gmail.com
1139,32,88,93,91,92,53,65,88,Good,Female,student1139@gmail.com
1140,3,56,75,78,82,98,99,81,Good,Male,student1140@gmail.com
1141,33,94,79,64,79,96,98,93,Good,Female,student1141@gmail.com
1142,4,57,71,76,59,58,84,73,Average,Male,student1142@gmail.com
1143,0,81,86,68,65,87,78,82,Good,Male,student1143@gmail.com
1144,10,96,83,64,84,98,79,99,Good,Female,student1144@gmail.com
1145,11,97,66,76,80,81,82,64,Good,Male,student1145@gmail.com
1146,5,86,76,92,86,75,67,79,Good,Male,student1146@gmail.com
1147,33,94,74,95,82,100,63,97,Good,Female,student1147@gmail.com
1148,29,88,83,94,80,97,95,78,Excellent,Female,student1148@gmail.com
1149,26,84,74,74,67,72,99,65,Good,Male,student1149@gmail.com
1150,25,85,82,88,62,71,71,75,Good,Female,student1150@gmail.com
1151,30,78,89,95,71,68,71,69,Good,Female,student1151@gmail.com
1152,13,86,66,77,74,84,72,95,Good,Female,student1152@gmail.com
1153,25,99,98,80,83,89,68,61,Good,Female,student1153@gmail.com
1154,15,67,64,99,84,100,81,78,Good,Female,student1154@gmail.com
1155,10,84,94,60,83,97,75,97,Good,Female,student1155@gmail.com
1156,0,72,62,96,95,97,71,83,Good,Female,student1156@gmail.com
1157,17,74,88,99,92,93,85,81,Good,Male,student1157@gmail.com
1158,4,74,74,83,52,70,87,95,Good,Female,student1158@gmail.com
1159,32,91,92,64,69,82,94,61,Good,Female,student1159@gmail.com
1160,34,77,66,94,77,49,83,64,Good,Male,student1160@gmail.com
1161,8,87,90,91,60,95,67,62,Good,Female,student1161@gmail.com
1162,3,60,70,61,63,61,71,73,Average,Male,student1162@gmail.com
1163,3,92,84,86,80,73,97,88,Good,Male,student1163@gmail.com
1164,4,71,89,63,50,63,64,69,Average,Female,student1164@gmail.com
1165,2,62,100,91,75,99,76,78,Good,Male,student1165@gmail.com
1166,0,100,85,81,91,75,64,83,Good,Male,student1166@gmail.com
1167,3,94,65,100,77,66,96,68,Good,Male,student1167@gmail.com
1168,4,98,80,66,94,86,72,86,Good,Male,student1168@gmail.com
1169,21,94,81,88,81,71,92,73,Good,Male,student1169@gmail.com
1170,4,92,69,93,67,79,84,69,Good,Female,student1170@gmail.com
1171,1,50,87,93,84,86,73,74,Good,Female,student1171@gmail.com
1172,49,99,98,94,96,95,88,92,Excellent,Female,student1172@gmail.com
1173,12,70,68,89,60,79,85,66,Good,Male,student1173@gmail.com
1174,9,92,93,86,61,78,80,62,Good,Male,student1174@gmail.com
1175,20,82,70,86,66,97,93,91,Good,Male,student1175@gmail.com
1176,16,83,73,82,62,92,68,76,Good,Male,student1176@gmail.com
1177,13,84,85,64,74,79,92,64,Good,Female,student1177@gmail.com
1178,30,60,71,91,83,93,88,97,Good,Female,student1178@gmail.com
1179,7,67,60,99,60,82,81,63,Good,Male,student1179@gmail.com
1180,38,96,92,93,91,88,90,88,Excellent,Female,student1180@gmail.com
1181,7,97,63,61,77,74,94,61,Good,Male,student1181@gmail.com
1182,8,89,62,79,60,93,77,73,Good,Male,student1182@gmail.com
1183,8,68,95,62,65,70,65,64,Good,Female,student1183@gmail.com
1184,11,82,85,94,75,97,98,76,Good,Male,student1184@gmail.com
1185,30,85,78,99,81,60,83,75,Good,Female,student1185@gmail.com
1186,11,86,66,84,86,74,91,66,Good,Male,student1186@gmail.com
1187,35,87,86,89,94,93,91,88,Excellent,Male,student1187@gmail.com
1188,4,98,81,58,78,91,74,75,Good,Male,student1188@gmail.com
1189,6,91,94,75,86,84,67,97,Good,Male,student1189@gmail.com
1190,33,100,90,89,91,86,75,72,Excellent,Female,student1190@gmail.com
1191,1,50,60,70,75,100,62,100,Average,Male,student1191@gmail.com
1192,11,75,92,70,62,87,87,98,Good,Male,student1192@gmail.com
1193,21,86,62,81,63,92,75,79,Good,Female,student1193@gmail.com
1194,24,80,66,67,72,78,99,67,Good,Male,student1194@gmail.com
1195,4,56,66,92,74,79,80,68,Good,Female,student1195@gmail.com
1196,1,91,72,85,78,92,82,85,Good,Male,student1196@gmail.com
1197,12,94,65,90,79,97,76,75,Good,Male,student1197@gmail.com
1198,28,81,82,99,86,88,60,89,Good,Male,student1198@gmail.com
1199,20,94,82,91,94,100,99,69,Excellent,Female,student1199@gmail.com
1200,35,99,89,93,87,86,90,96,Excellent,Female,student1200@gmail.com
1201,33,88,83,62,88,100,83,84,Good,Male,student1201@gmail.com
1202,4,79,74,68,82,65,73,89,Good,Female,student1202@gmail.com
1203,1,49,85,70,90,79,71,67,Good,Female,student1203@gmail.com
1204,7,97,99,67,87,66,68,67,Good,Male,student1204@gmail.com
1205,27,96,70,82,71,99,90,65,Good,Female,student1205@gmail.com
1206,34,89,71,75,65,74,93,90,Good,Male,student1206@gmail.com
1207,17,94,90,77,65,83,79,96,Good,Male,student1207@gmail.com
1208,18,62,73,95,68,61,60,68,Good,Female,student1208@gmail.com
1209,9,68,94,92,77,79,88,74,Good,Male,student1209@gmail.com
1210,3,58,66,99,98,69,65,78,Good,Female,student1210@gmail.com
1211,28,92,77,75,84,74,82,78,Good,Female,student1211@gmail.com
1212,28,90,78,86,83,98,71,84,Good,Female,student1212@gmail.com
1213,26,84,67,89,96,88,60,88,Good,Female,student1213@gmail.com
1214,4,81,85,50,53,55,91,78,Average,Male,student1214@gmail.com
1215,15,87,89,94,82,81,98,88,Good,Male,student1215@gmail.com
1216,33,88,75,83,74,76,72,61,Good,Female,student1216@gmail.com
1217,31,76,83,100,96,65,98,97,Good,Female,student1217@gmail.com
1218,7,60,66,65,90,61,96,74,Good,Male,student1218@gmail.com
1219,26,85,64,98,68,70,63,77,Good,Female,student1219@gmail.com
1220,3,73,88,57,93,85,85,77,Good,Male,student1220@gmail.com
1221,31,99,81,80,89,75,83,93,Good,Male,student1221@gmail.com
1222,1,95,57,77,81,83,57,70,Good,Male,student1222@gmail.com
1223,30,92,90,92,78,59,68,96,Good,Male,student1223@gmail.com
1224,28,100,94,76,60,95,90,66,Good,Female,student1224@gmail.com
1225,24,89,67,98,94,89,60,95,Good,Female,student1225@gmail.com
1226,28,94,66,68,94,62,76,77,Good,Male,student1226@gmail.com
1227,6,89,64,78,85,68,84,99,Good,Male,student1227@gmail.com
1228,5,74,79,82,51,67,65,82,Good,Female,student1228@gmail.com
1229,12,95,82,70,81,94,93,69,Good,Female,student1229@gmail.com
1230,3,93,74,98,100,62,83,87,Good,Male,student1230@gmail.com
1231,26,94,91,98,94,88,97,94,Excellent,Male,student1231@gmail.com
1232,18,85,80,84,96,45,84,90,Good,Male,student1232@gmail.com
1233,31,94,98,74,94,35,95,80,Good,Male,student1233@gmail.com
1234,17,95,88,85,66,70,72,97,Good,Female,student1234@gmail.com
1235,23,97,82,100,69,64,73,88,Good,Male,student1235@gmail.com
1236,17,100,83,67,77,88,76,84,Good,Male,student1236@gmail.com
1237,29,99,65,97,89,87,72,86,Good,Female,student1237@gmail.com
1238,13,97,67,79,76,76,66,97,Good,Male,student1238@gmail.com
1239,2,53,98,66,80,82,89,85,Good,Female,student1239@gmail.com
1240,35,99,85,98,91,86,97,85,Excellent,Female,student1240@gmail.com
1241,35,99,89,88,94,99,89,92,Excellent,Male,student1241@gmail.com
1242,28,79,83,78,89,83,79,76,Good,Female,student1242@gmail.com
1243,2,94,95,75,73,51,89,77,Good,Female,student1243@gmail.com
1244,28,97,73,92,64,66,96,65,Good,Male,student1244@gmail.com
1245,26,87,70,65,64,30,72,68,Average,Male,student1245@gmail.com
1246,26,82,82,87,92,64,70,72,Good,Male,student1246@gmail.com
1247,22,94,98,96,88,96,61,80,Good,Male,student1247@gmail.com
1248,26,99,85,97,72,79,92,82,Good,Female,student1248@gmail.com
1249,16,68,83,74,87,71,86,82,Good,Female,student1249@gmail.com
1250,2,67,82,81,83,57,59,91,Good,Male,student1250@gmail.com
1251,10,92,65,81,79,84,85,74,Good,Male,student1251@gmail.com
1252,21,69,77,82,93,92,90,71,Good,Male,student1252@gmail.com
1253,30,92,98,61,99,77,72,75,Good,Female,student1253@gmail.com
1254,24,90,64,90,75,64,96,71,Good,Male,student1254@gmail.com
1255,33,91,92,73,97,61,63,71,Good,Male,student1255@gmail.com
1256,3,65,67,91,81,97,99,75,Good,Male,student1256@gmail.com
1257,34,98,80,70,60,88,65,92,Good,Male,student1257@gmail.com
1258,2,70,89,78,87,87,62,85,Good,Male,student1258@gmail.com
1259,17,97,97,90,69,75,68,70,Good,Male,student1259@gmail.com
1260,18,80,71,89,81,75,81,63,Good,Female,student1260@gmail.com
1261,16,70,75,79,77,65,92,78,Good,Male,student1261@gmail.com
1262,21,96,79,92,85,95,69,65,Good,Female,student1262@gmail.com
1263,24,99,62,65,67,97,73,96,Good,Female,student1263@gmail.com
1264,27,76,72,97,65,87,93,84,Good,Female,student1264@gmail.com
1265,24,86,68,98,87,61,78,96,Good,Male,student1265@gmail.com
1266,27,98,100,100,81,73,75,99,Good,Male,student1266@gmail.com
1267,14,88,74,88,92,83,71,89,Good,Female,student1267@gmail.com
1268,30,89,65,71,96,65,63,100,Good,Female,student1268@gmail.com
1269,24,88,100,89,87,76,89,85,Good,Male,student1269@gmail.com
1270,0,78,73,89,86,69,84,97,Good,Female,student1270@gmail.com
1271,35,87,85,96,98,88,99,92,Excellent,Female,student1271@gmail.com
1272,21,90,76,64,88,80,75,70,Good,Male,student1272@gmail.com
1273,15,88,67,90,89,49,85,63,Good,Male,student1273@gmail.com
1274,5,99,72,90,83,90,99,97,Good,Female,student1274@gmail.com
1275,3,41,99,84,63,92,72,81,Good,Female,student1275@gmail.com
1276,8,98,90,70,97,69,79,74,Good,Female,student1276@gmail.com
1277,1,91,66,91,62,82,69,62,Good,Female,student1277@gmail.com
1278,5,68,72,92,51,96,88,81,Good,Female,student1278@gmail.com
1279,26,79,100,79,60,100,84,93,Good,Female,student1279@gmail.com
1280,24,77,66,61,98,90,95,73,Good,Female,student1280@gmail.com
1281,24,89,100,90,81,86,80,92,Good,Male,student1281@gmail.com
1282,9,94,69,80,66,62,61,88,Good,Male,student1282@gmail.com
1283,3,80,85,85,60,77,90,81,Good,Male,student1283@gmail.com
1284,1,79,88,97,94,89,82,97,Good,Female,student1284@gmail.com
1285,15,92,65,88,78,67,95,96,Good,Female,student1285@gmail.com
1286,32,85,62,92,89,92,75,78,Good,Female,student1286@gmail.com
1287,26,75,83,66,70,57,77,96,Good,Male,student1287@gmail.com
1288,32,88,65,75,73,66,98,81,Good,Female,student1288@gmail.com
1289,35,93,89,88,86,85,89,95,Excellent,Male,student1289@gmail.com
1290,2,86,93,91,64,69,71,64,Good,Female,student1290@gmail.com
1291,13,62,91,92,61,85,98,72,Good,Female,student1291@gmail.com
1292,20,82,74,80,60,96,76,99,Good,Female,student1292@gmail.com
1293,5,83,94,77,97,78,60,85,Good,Male,student1293@gmail.com
1294,5,98,75,62,64,68,80,79,Good,Male,student1294@gmail.com
1295,34,84,74,90,99,90,92,72,Excellent,Male,student1295@gmail.com
1296,34,91,75,82,68,88,98,88,Good,Female,student1296@gmail.com
1297,21,83,81,96,62,66,90,91,Good,Male,student1297@gmail.com
1298,27,83,63,84,82,78,60,71,Good,Male,student1298@gmail.com
1299,31,90,72,62,84,74,75,100,Good,Male,student1299@gmail.com
1300,31,81,92,97,73,90,90,60,Good,Male,student1300@gmail.com
1301,12,89,67,87,61,91,80,76,Good,Female,student1301@gmail.com
1302,13,97,65,96,92,91,66,74,Good,Female,student1302@gmail.com
1303,28,97,88,88,79,100,74,83,Good,Female,student1303@gmail.com
1304,27,100,89,98,81,78,91,87,Excellent,Female,student1304@gmail.com
1305,4,98,63,82,61,79,70,86,Good,Male,student1305@gmail.com
1306,33,97,98,83,87,60,78,70,Good,Male,student1306@gmail.com
1307,18,78,80,73,91,34,73,60,Good,Male,student1307@gmail.com
1308,29,100,92,67,89,90,83,89,Good,Male,student1308@gmail.com
1309,13,92,77,89,97,61,93,82,Good,Female,student1309@gmail.com
1310,5,81,95,84,85,82,62,63,Good,Male,student1310@gmail.com
1311,15,98,67,74,94,94,96,85,Good,Female,student1311@gmail.com
1312,2,62,74,98,97,72,72,95,Good,Female,student1312@gmail.com
1313,27,95,88,85,86,76,78,81,Good,Female,student1313@gmail.com
1314,22,87,90,80,88,71,95,81,Good,Male,student1314@gmail.com
1315,24,85,85,67,91,75,93,81,Good,Male,student1315@gmail.com
1316,27,96,72,66,80,72,83,98,Good,Female,student1316@gmail.com
1317,25,83,63,66,67,60,60,61,Good,Female,student1317@gmail.com
1318,17,89,92,88,99,92,62,71,Good,Female,student1318@gmail.com
1319,14,90,73,98,72,69,84,86,Good,Male,student1319@gmail.com
1320,14,99,72,74,88,90,81,95,Good,Female,student1320@gmail.com
1321,3,62,67,96,67,82,65,73,Good,Male,student1321@gmail.com
1322,5,42,79,79,59,61,87,65,Average,Female,student1322@gmail.com
1323,2,46,52,87,80,76,73,76,Average,Male,student1323@gmail.com
1324,4,92,63,100,97,91,87,68,Good,Male,student1324@gmail.com
1325,33,94,89,96,98,61,95,67,Excellent,Male,student1325@gmail.com
1326,31,89,99,89,71,74,94,78,Good,Female,student1326@gmail.com
1327,16,90,100,98,95,97,74,63,Excellent,Male,student1327@gmail.com
1328,15,69,81,83,68,76,90,95,Good,Male,student1328@gmail.com
1329,5,40,51,67,63,98,54,79,Average,Male,student1329@gmail.com
1330,3,42,92,60,54,68,69,76,Average,Male,student1330@gmail.com
1331,4,82,91,69,61,79,76,83,Good,Male,student1331@gmail.com
1332,29,82,93,67,79,84,90,64,Good,Female,student1332@gmail.com
1333,18,76,80,93,74,73,63,81,Good,Female,student1333@gmail.com
1334,16,80,62,66,88,75,98,68,Good,Female,student1334@gmail.com
1335,23,87,90,92,62,96,77,80,Good,Female,student1335@gmail.com
1336,28,91,98,60,88,63,78,95,Good,Male,student1336@gmail.com
1337,31,100,94,94,87,65,83,95,Good,Female,student1337@gmail.com
1338,5,56,60,88,96,57,68,76,Good,Female,student1338@gmail.com
1339,6,84,86,96,95,75,61,99,Good,Male,student1339@gmail.com
1340,33,86,86,64,61,97,97,91,Good,Male,student1340@gmail.com
1341,0,79,67,72,50,75,95,62,Good,Male,student1341@gmail.com
1342,19,99,78,61,64,75,66,76,Good,Male,student1342@gmail.com
1343,26,95,79,95,62,69,82,94,Good,Female,student1343@gmail.com
1344,3,65,67,90,99,93,91,99,Good,Female,student1344@gmail.com
1345,10,85,90,61,94,86,79,90,Good,Male,student1345@gmail.com
1346,24,99,82,81,98,86,85,85,Good,Female,student1346@gmail.com
1347,1,88,62,65,98,92,64,82,Good,Female,student1347@gmail.com
1348,25,100,87,88,100,89,98,71,Excellent,Male,student1348@gmail.com
1349,15,62,63,94,74,75,86,100,Good,Female,student1349@gmail.com
1350,3,84,75,61,87,86,67,93,Good,Female,student1350@gmail.com
1351,14,60,61,71,60,69,91,84,Good,Female,student1351@gmail.com
1352,31,96,76,74,92,96,74,99,Good,Male,student1352@gmail.com
1353,9,58,81,100,97,74,90,87,Good,Male,student1353@gmail.com
1354,8,90,67,73,82,66,75,90,Good,Female,student1354@gmail.com
1355,22,75,80,65,80,55,86,95,Good,Male,student1355@gmail.com
1356,11,76,82,74,79,81,93,72,Good,Female,student1356@gmail.com
1357,2,81,100,64,61,91,76,93,Good,Female,student1357@gmail.com
1358,21,73,98,72,100,77,62,69,Good,Male,student1358@gmail.com
1359,28,60,64,84,64,66,96,99,Good,Male,student1359@gmail.com
1360,4,89,100,72,73,78,67,91,Good,Male,student1360@gmail.com
1361,35,91,98,93,93,88,96,97,Excellent,Male,student1361@gmail.com
1362,27,85,72,80,85,94,96,87,Good,Female,student1362@gmail.com
1363,14,81,84,69,99,55,68,73,Good,Male,student1363@gmail.com
1364,1,67,63,65,95,52,84,77,Good,Female,student1364@gmail.com
1365,29,86,71,86,93,99,92,77,Good,Female,student1365@gmail.com
1366,33,94,85,78,66,95,87,95,Good,Male,student1366@gmail.com
1367,18,83,96,72,81,86,93,75,Good,Male,student1367@gmail.com
1368,11,98,77,91,88,87,76,68,Good,Female,student1368@gmail.com
1369,3,46,63,60,61,66,91,97,Average,Male,student1369@gmail.com
1370,19,95,92,73,94,73,70,94,Good,Female,student1370@gmail.com
1371,31,88,68,81,68,73,61,93,Good,Male,student1371@gmail.com
1372,28,90,73,78,72,63,88,72,Good,Female,student1372@gmail.com
1373,11,100,60,87,60,86,93,75,Good,Female,student1373@gmail.com
1374,16,76,76,92,86,79,85,78,Good,Female,student1374@gmail.com
1375,4,73,73,81,78,82,85,66,Good,Female,student1375@gmail.com
1376,15,96,95,67,88,68,93,75,Good,Male,student1376@gmail.com
1377,31,85,87,99,65,66,95,77,Good,Female,student1377@gmail.com
1378,29,91,93,62,63,100,85,85,Good,Female,student1378@gmail.com
1379,27,61,85,92,62,64,66,95,Good,Female,student1379@gmail.com
1380,29,79,69,78,78,99,61,87,Good,Female,student1380@gmail.com
1381,23,99,75,79,87,63,90,90,Good,Male,student1381@gmail.com
1382,32,81,64,81,92,87,84,95,Good,Male,student1382@gmail.com
1383,9,91,87,71,98,93,83,81,Good,Female,student1383@gmail.com
1384,16,91,84,95,97,88,70,77,Good,Male,student1384@gmail.com
1385,29,100,79,77,61,79,70,69,Good,Female,student1385@gmail.com
1386,5,60,69,80,87,100,93,92,Good,Male,student1386@gmail.com
1387,14,90,95,68,75,71,68,95,Good,Female,student1387@gmail.com
1388,20,94,88,78,99,65,76,68,Good,Male,student1388@gmail.com
1389,28,90,79,64,93,81,63,76,Good,Female,student1389@gmail.com
1390,13,78,89,83,80,67,90,93,Good,Female,student1390@gmail.com
1391,3,40,73,88,95,64,61,92,Good,Male,student1391@gmail.com
1392,26,97,84,70,90,97,95,87,Good,Male,student1392@gmail.com
1393,8,84,98,71,62,89,86,67,Good,Female,student1393@gmail.com
1394,4,64,66,56,59,68,68,84,Average,Female,student1394@gmail.com
1395,20,89,88,86,77,87,88,78,Good,Male,student1395@gmail.com
1396,34,99,93,98,74,87,88,78,Excellent,Female,student1396@gmail.com
1397,42,85,96,98,85,95,96,97,Excellent,Female,student1397@gmail.com
1398,4,89,78,89,91,76,96,81,Good,Male,student1398@gmail.com
1399,14,97,92,64,93,60,63,90,Good,Male,student1399@gmail.com
1400,29,86,100,86,96,73,60,77,Good,Male,student1400@gmail.com
1401,34,72,86,69,81,67,98,72,Good,Female,student1401@gmail.com
1402,1,63,78,97,67,72,64,67,Good,Female,student1402@gmail.com
1403,27,99,78,92,65,90,96,96,Good,Female,student1403@gmail.com
1404,30,81,85,64,61,86,80,83,Good,Male,student1404@gmail.com
1405,33,72,80,84,91,96,93,74,Good,Male,student1405@gmail.com
1406,15,94,98,65,98,78,96,86,Good,Male,student1406@gmail.com
1407,5,58,71,73,65,63,85,64,Good,Male,student1407@gmail.com
1408,29,61,86,78,80,94,60,88,Good,Female,student1408@gmail.com
1409,28,89,76,100,100,99,68,79,Excellent,Male,student1409@gmail.com
1410,1,96,58,65,62,76,93,77,Good,Female,student1410@gmail.com
1411,22,96,73,80,99,91,82,91,Good,Female,student1411@gmail.com
1412,21,60,88,75,86,72,80,69,Good,Female,student1412@gmail.com
1413,34,93,65,81,94,92,60,100,Good,Male,student1413@gmail.com
1414,33,93,63,69,97,64,82,83,Good,Male,student1414@gmail.com
1415,3,58,65,72,98,56,59,81,Average,Female,student1415@gmail.com
1416,0,73,85,84,88,78,87,76,Good,Male,student1416@gmail.com
1417,3,93,51,58,70,63,64,89,Average,Female,student1417@gmail.com
1418,20,92,66,77,96,92,62,90,Good,Male,student1418@gmail.com
1419,18,99,99,69,92,95,79,81,Good,Male,student1419@gmail.com
1420,35,99,96,99,91,94,92,99,Excellent,Male,student1420@gmail.com
1421,3,73,70,80,74,71,90,80,Good,Female,student1421@gmail.com
1422,27,87,91,92,66,62,89,76,Good,Female,student1422@gmail.com
1423,32,86,78,81,87,99,71,97,Good,Female,student1423@gmail.com
1424,30,89,93,71,84,63,61,76,Good,Female,student1424@gmail.com
1425,3,96,64,85,86,93,92,65,Good,Female,student1425@gmail.com
1426,19,90,73,71,68,74,87,66,Good,Male,student1426@gmail.com
1427,9,98,65,66,87,78,84,91,Good,Male,student1427@gmail.com
1428,26,85,87,85,69,80,99,93,Good,Male,student1428@gmail.com
1429,28,85,96,100,75,63,87,89,Good,Female,student1429@gmail.com
1430,35,89,94,92,98,92,92,99,Excellent,Female,student1430@gmail.com
1431,32,93,97,93,66,83,88,79,Good,Female,student1431@gmail.com
1432,35,96,91,95,88,89,85,92,Excellent,Female,student1432@gmail.com
1433,26,84,64,98,100,89,79,96,Good,Male,student1433@gmail.com
1434,14,76,97,99,83,74,94,99,Good,Male,student1434@gmail.com
1435,26,80,78,71,69,76,97,77,Good,Female,student1435@gmail.com
1436,3,63,77,89,79,79,60,81,Good,Male,student1436@gmail.com
1437,33,90,86,100,90,76,66,83,Good,Female,student1437@gmail.com
1438,35,85,93,85,91,86,94,89,Excellent,Male,student1438@gmail.com
1439,22,78,81,94,64,61,91,88,Good,Female,student1439@gmail.com
1440,23,74,90,90,80,91,92,100,Good,Female,student1440@gmail.com
1441,27,83,89,95,70,95,80,70,Good,Male,student1441@gmail.com
1442,31,87,96,79,79,74,86,85,Good,Female,student1442@gmail.com
1443,26,90,77,84,70,77,86,70,Good,Male,student1443@gmail.com
1444,1,73,71,95,63,62,85,99,Good,Female,student1444@gmail.com
1445,7,79,78,100,90,89,80,68,Good,Female,student1445@gmail.com
1446,4,62,84,74,74,66,61,90,Good,Female,student1446@gmail.com
1447,31,87,78,96,84,97,89,82,Excellent,Male,student1447@gmail.com
1448,23,81,83,79,94,37,84,71,Good,Female,student1448@gmail.com
1449,5,83,66,94,75,72,78,74,Good,Female,student1449@gmail.com
1450,1,90,50,84,90,83,62,100,Good,Male,student1450@gmail.com
1451,4,75,69,97,98,60,60,85,Good,Female,student1451@gmail.com
1452,23,94,61,81,64,75,72,61,Good,Female,student1452@gmail.com
1453,15,91,68,62,82,70,92,73,Good,Female,student1453@gmail.com
1454,24,96,88,68,95,67,95,75,Good,Male,student1454@gmail.com
1455,31,85,76,82,85,73,60,90,Good,Male,student1455@gmail.com
1456,29,71,93,90,89,69,94,79,Good,Male,student1456@gmail.com
1457,49,98,90,87,92,92,99,98,Excellent,Female,student1457@gmail.com
1458,6,66,97,82,70,93,68,98,Good,Male,student1458@gmail.com
1459,33,99,82,69,84,79,88,67,Good,Male,student1459@gmail.com
1460,10,71,70,87,62,92,63,80,Good,Female,student1460@gmail.com
1461,13,74,76,81,69,98,96,65,Good,Female,student1461@gmail.com
1462,25,93,60,71,63,75,76,77,Good,Female,student1462@gmail.com
1463,35,89,90,99,91,94,96,85,Excellent,Male,student1463@gmail.com
1464,1,66,53,85,84,98,86,79,Good,Male,student1464@gmail.com
1465,29,80,96,79,95,74,95,61,Good,Female,student1465@gmail.com
1466,20,97,93,67,85,90,72,96,Good,Male,student1466@gmail.com
1467,49,87,86,87,91,86,96,92,Excellent,Female,student1467@gmail.com
1468,13,77,87,83,81,60,92,76,Good,Male,student1468@gmail.com
1469,20,99,93,90,79,93,71,84,Good,Female,student1469@gmail.com
1470,18,89,75,65,100,74,71,75,Good,Female,student1470@gmail.com
1471,23,86,79,69,60,76,76,92,Good,Female,student1471@gmail.com
1472,10,82,86,91,68,80,62,81,Good,Male,student1472@gmail.com
1473,4,79,100,75,85,100,81,64,Good,Male,student1473@gmail.com
1474,11,89,70,92,100,100,95,65,Good,Female,student1474@gmail.com
1475,15,77,73,67,67,88,89,99,Good,Female,student1475@gmail.com
1476,16,95,79,85,73,74,86,68,Good,Female,student1476@gmail.com
1477,5,63,54,57,51,63,88,83,Average,Male,student1477@gmail.com
1478,26,98,85,95,92,74,79,63,Good,Female,student1478@gmail.com
1479,29,76,81,69,87,60,93,62,Good,Male,student1479@gmail.com
1480,3,40,81,54,70,53,98,61,Average,Male,student1480@gmail.com
1481,32,89,84,84,100,77,62,69,Good,Female,student1481@gmail.com
1482,24,86,75,97,93,88,74,97,Good,Male,student1482@gmail.com
1483,20,99,77,60,99,100,83,72,Good,Female,student1483@gmail.com
1484,1,67,61,61,82,69,87,97,Good,Male,student1484@gmail.com
1485,0,43,87,81,61,65,53,84,Average,Male,student1485@gmail.com
1486,5,40,97,92,93,92,65,82,Good,Female,student1486@gmail.com
1487,5,65,93,67,73,57,72,97,Good,Female,student1487@gmail.com
1488,1,96,92,64,54,87,60,88,Good,Male,student1488@gmail.com
1489,27,96,92,80,61,66,98,70,Good,Female,student1489@gmail.com
1490,29,90,84,90,81,92,83,69,Good,Female,student1490@gmail.com
1491,4,85,57,77,81,65,75,85,Good,Female,student1491@gmail.com
1492,4,92,96,80,98,61,84,74,Good,Male,student1492@gmail.com
1493,21,100,82,84,100,90,62,87,Good,Female,student1493@gmail.com
1494,31,94,63,98,73,63,98,100,Good,Male,student1494@gmail.com
1495,15,85,76,94,89,85,83,80,Good,Male,student1495@gmail.com
1496,30,80,84,82,69,91,80,96,Good,Male,student1496@gmail.com
1497,31,99,61,91,73,89,62,82,Good,Male,student1497@gmail.com
1498,23,70,91,81,61,64,93,96,Good,Female,student1498@gmail.com
1499,23,62,72,78,96,70,74,72,Good,Female,student1499@gmail.com
